defined_class	defined_class_label	muscle	muscle_label
FBbt:00000410	anterior spiracle retractor muscle cell	FBbt:00058295	anterior spiracle retractor muscle
FBbt:00000433	posterior spiracle retractor muscle cell	FBbt:00058296	posterior spiracle retractor muscle
FBbt:00000464	embryonic/larval somatic muscle cell	FBbt:00058297	embryonic/larval somatic muscle
FBbt:00000465	embryonic/larval hypodermal muscle cell	FBbt:00058298	embryonic/larval hypodermal muscle
FBbt:00000466	oblique muscle cell	FBbt:00058299	oblique muscle
FBbt:00000467	dorsal oblique muscle cell	FBbt:00058300	dorsal oblique muscle
FBbt:00000468	muscle cell of lateral oblique muscle 1	FBbt:00058301	lateral oblique muscle 1
FBbt:00000469	ventral oblique muscle cell	FBbt:00058302	ventral oblique muscle
FBbt:00000470	transverse muscle cell	FBbt:00058303	transverse muscle
FBbt:00000471	dorsal transverse muscle cell	FBbt:00058304	dorsal transverse muscle
FBbt:00000472	lateral transverse muscle cell	FBbt:00058305	lateral transverse muscle
FBbt:00000473	ventral transverse muscle cell	FBbt:00058306	ventral transverse muscle
FBbt:00000474	acute muscle cell	FBbt:00058307	acute muscle
FBbt:00000475	dorsal acute muscle cell	FBbt:00058308	dorsal acute muscle
FBbt:00000477	ventral acute muscle cell	FBbt:00058310	ventral acute muscle
FBbt:00000478	intersegmental muscle cell	FBbt:00058311	intersegmental muscle
FBbt:00000480	longitudinal muscle cell	FBbt:00058313	longitudinal muscle
FBbt:00000481	muscle cell of lateral longitudinal muscle 1	FBbt:00058314	lateral longitudinal muscle 1
FBbt:00000482	ventral longitudinal muscle cell	FBbt:00058315	ventral longitudinal muscle
FBbt:00000483	segment border muscle cell	FBbt:00058316	segment border muscle
FBbt:00000486	hypodermal muscle cell of head	FBbt:00058317	hypodermal muscle of head
FBbt:00000487	pharyngeal muscle cell	FBbt:00058318	pharyngeal muscle
FBbt:00000488	prothoracic pharyngeal muscle cell	FBbt:00058319	prothoracic pharyngeal muscle
FBbt:00000489	dorsal pharyngeal muscle cell	FBbt:00058320	dorsal pharyngeal muscle
FBbt:00000490	ventral pharyngeal muscle cell	FBbt:00058321	ventral pharyngeal muscle
FBbt:00000491	muscle cell of ventral pharyngeal muscle 1	FBbt:00058322	ventral pharyngeal muscle 1
FBbt:00000492	muscle cell of ventral pharyngeal muscle 2	FBbt:00058323	ventral pharyngeal muscle 2
FBbt:00000493	muscle cell of ventral pharyngeal muscle 3	FBbt:00058324	ventral pharyngeal muscle 3
FBbt:00000494	pericommissural muscle cell	FBbt:00058325	pericommissural muscle
FBbt:00000495	hypodermal muscle cell of prothorax	FBbt:00058326	hypodermal muscle of prothorax
FBbt:00000496	mouthpart muscle cell	FBbt:00058327	mouthpart muscle
FBbt:00000497	dorsal mouthpart muscle cell	FBbt:00058328	dorsal mouthpart muscle
FBbt:00000498	muscle cell of dorsal mouthpart muscle 1	FBbt:00058329	dorsal mouthpart muscle 1
FBbt:00000499	muscle cell of dorsal mouthpart muscle 2	FBbt:00058330	dorsal mouthpart muscle 2
FBbt:00000500	muscle cell of ventral mouthpart muscle 1	FBbt:00058331	ventral mouthpart muscle 1
FBbt:00000501	prothoracic oblique muscle cell	FBbt:00058332	prothoracic oblique muscle
FBbt:00000502	prothoracic dorsal oblique muscle cell	FBbt:00058333	prothoracic dorsal oblique muscle
FBbt:00000503	muscle cell of prothoracic dorsal oblique muscle 1	FBbt:00058334	prothoracic dorsal oblique muscle 1
FBbt:00000504	muscle cell of prothoracic dorsal oblique muscle 2	FBbt:00058335	prothoracic dorsal oblique muscle 2
FBbt:00000505	muscle cell of prothoracic dorsal oblique muscle 3	FBbt:00058336	prothoracic dorsal oblique muscle 3
FBbt:00000506	muscle cell of prothoracic dorsal oblique muscle 4	FBbt:00058337	prothoracic dorsal oblique muscle 4
FBbt:00000509	muscle cell of prothoracic ventral transverse muscle 1	FBbt:00058340	prothoracic ventral transverse muscle 1
FBbt:00000511	prothoracic lateral acute muscle cell	FBbt:00058342	prothoracic lateral acute muscle
FBbt:00000512	muscle cell of prothoracic lateral acute muscle 1	FBbt:00058343	prothoracic lateral acute muscle 1
FBbt:00000513	muscle cell of prothoracic lateral acute muscle 2	FBbt:00058344	prothoracic lateral acute muscle 2
FBbt:00000514	prothoracic intersegmental muscle cell	FBbt:00058345	prothoracic intersegmental muscle
FBbt:00000515	larval thoracic ventral intersegmental muscle cell	FBbt:00058346	larval thoracic ventral intersegmental muscle
FBbt:00000516	muscle cell of larval prothoracic ventral intersegmental muscle 2	FBbt:00058347	larval prothoracic ventral intersegmental muscle 2
FBbt:00000517	muscle cell of larval prothoracic ventral intersegmental muscle 3	FBbt:00058348	larval prothoracic ventral intersegmental muscle 3
FBbt:00000518	muscle cell of larval prothoracic ventral intersegmental muscle 4	FBbt:00058349	larval prothoracic ventral intersegmental muscle 4
FBbt:00000519	muscle cell of larval thoracic ventral intersegmental muscle 5	FBbt:00058350	larval thoracic ventral intersegmental muscle 5
FBbt:00000520	hypodermal muscle cell of mesothorax	FBbt:00058351	hypodermal muscle of mesothorax
FBbt:00000521	mesothoracic acute muscle cell	FBbt:00058352	mesothoracic acute muscle
FBbt:00000522	mesothoracic dorsal acute muscle cell	FBbt:00058353	mesothoracic dorsal acute muscle
FBbt:00000523	muscle cell of mesothoracic dorsal acute muscle 1	FBbt:00058354	mesothoracic dorsal acute muscle 1
FBbt:00000524	muscle cell of mesothoracic dorsal acute muscle 2	FBbt:00058355	mesothoracic dorsal acute muscle 2
FBbt:00000525	muscle cell of mesothoracic dorsal acute muscle 3	FBbt:00058356	mesothoracic dorsal acute muscle 3
FBbt:00000526	muscle cell of mesothoracic dorsal acute muscle 4	FBbt:00058357	mesothoracic dorsal acute muscle 4
FBbt:00000527	mesothoracic oblique muscle cell	FBbt:00058358	mesothoracic oblique muscle
FBbt:00000528	mesothoracic dorsal oblique muscle cell	FBbt:00058359	mesothoracic dorsal oblique muscle
FBbt:00000529	muscle cell of mesothoracic dorsal oblique muscle 1	FBbt:00058360	mesothoracic dorsal oblique muscle 1
FBbt:00000530	muscle cell of mesothoracic dorsal oblique muscle 2	FBbt:00058361	mesothoracic dorsal oblique muscle 2
FBbt:00000531	muscle cell of mesothoracic dorsal oblique muscle 3	FBbt:00058362	mesothoracic dorsal oblique muscle 3
FBbt:00000532	muscle cell of mesothoracic dorsal oblique muscle 4	FBbt:00058363	mesothoracic dorsal oblique muscle 4
FBbt:00000534	muscle cell of mesothoracic lateral oblique muscle 1	FBbt:00058365	mesothoracic lateral oblique muscle 1
FBbt:00000535	mesothoracic ventral oblique muscle cell	FBbt:00058366	mesothoracic ventral oblique muscle
FBbt:00000536	muscle cell of mesothoracic ventral oblique muscle 1	FBbt:00058367	mesothoracic ventral oblique muscle 1
FBbt:00000537	muscle cell of mesothoracic ventral oblique muscle 2	FBbt:00058368	mesothoracic ventral oblique muscle 2
FBbt:00000538	mesothoracic segment border muscle cell	FBbt:00058369	mesothoracic segment border muscle
FBbt:00000540	mesothoracic lateral transverse muscle cell	FBbt:00058371	mesothoracic lateral transverse muscle
FBbt:00000541	muscle cell of mesothoracic lateral transverse muscle 1	FBbt:00058372	mesothoracic lateral transverse muscle 1
FBbt:00000542	muscle cell of mesothoracic lateral transverse muscle 2	FBbt:00058373	mesothoracic lateral transverse muscle 2
FBbt:00000543	muscle cell of mesothoracic lateral transverse muscle 3	FBbt:00058374	mesothoracic lateral transverse muscle 3
FBbt:00000544	muscle cell of mesothoracic lateral transverse muscle 4	FBbt:00058375	mesothoracic lateral transverse muscle 4
FBbt:00000545	mesothoracic longitudinal muscle cell	FBbt:00058376	mesothoracic longitudinal muscle
FBbt:00000547	muscle cell of mesothoracic lateral longitudinal muscle 1	FBbt:00058378	mesothoracic lateral longitudinal muscle 1
FBbt:00000548	mesothoracic ventral longitudinal muscle cell	FBbt:00058379	mesothoracic ventral longitudinal muscle
FBbt:00000549	muscle cell of mesothoracic ventral longitudinal muscle 1	FBbt:00058380	mesothoracic ventral longitudinal muscle 1
FBbt:00000550	muscle cell of mesothoracic ventral longitudinal muscle 2	FBbt:00058381	mesothoracic ventral longitudinal muscle 2
FBbt:00000551	muscle cell of mesothoracic ventral longitudinal muscle 3	FBbt:00058382	mesothoracic ventral longitudinal muscle 3
FBbt:00000552	hypodermal muscle cell of metathorax	FBbt:00058383	hypodermal muscle of metathorax
FBbt:00000553	metathoracic acute muscle cell	FBbt:00058384	metathoracic acute muscle
FBbt:00000554	metathoracic dorsal acute muscle cell	FBbt:00058385	metathoracic dorsal acute muscle
FBbt:00000555	muscle cell of metathoracic dorsal acute muscle 1	FBbt:00058386	metathoracic dorsal acute muscle 1
FBbt:00000556	muscle cell of metathoracic dorsal acute muscle 2	FBbt:00058387	metathoracic dorsal acute muscle 2
FBbt:00000557	muscle cell of metathoracic dorsal acute muscle 3	FBbt:00058388	metathoracic dorsal acute muscle 3
FBbt:00000558	muscle cell of metathoracic dorsal acute muscle 4	FBbt:00058389	metathoracic dorsal acute muscle 4
FBbt:00000559	metathoracic ventral acute muscle cell	FBbt:00058390	metathoracic ventral acute muscle
FBbt:00000560	muscle cell of metathoracic ventral acute muscle 1	FBbt:00058391	metathoracic ventral acute muscle 1
FBbt:00000561	metathoracic oblique muscle cell	FBbt:00058392	metathoracic oblique muscle
FBbt:00000562	metathoracic dorsal oblique muscle cell	FBbt:00058393	metathoracic dorsal oblique muscle
FBbt:00000563	muscle cell of metathoracic dorsal oblique muscle 1	FBbt:00058394	metathoracic dorsal oblique muscle 1
FBbt:00000564	muscle cell of metathoracic dorsal oblique muscle 2	FBbt:00058395	metathoracic dorsal oblique muscle 2
FBbt:00000565	muscle cell of metathoracic dorsal oblique muscle 3	FBbt:00058396	metathoracic dorsal oblique muscle 3
FBbt:00000566	muscle cell of metathoracic dorsal oblique muscle 4	FBbt:00058397	metathoracic dorsal oblique muscle 4
FBbt:00000568	muscle cell of metathoracic lateral oblique muscle 1	FBbt:00058399	metathoracic lateral oblique muscle 1
FBbt:00000569	metathoracic ventral oblique muscle cell	FBbt:00058400	metathoracic ventral oblique muscle
FBbt:00000570	muscle cell of metathoracic ventral oblique muscle 1	FBbt:00058401	metathoracic ventral oblique muscle 1
FBbt:00000571	muscle cell of metathoracic ventral oblique muscle 2	FBbt:00058402	metathoracic ventral oblique muscle 2
FBbt:00000572	muscle cell of metathoracic ventral oblique muscle 3	FBbt:00058403	metathoracic ventral oblique muscle 3
FBbt:00000573	metathoracic segment border muscle cell	FBbt:00058404	metathoracic segment border muscle
FBbt:00000575	metathoracic lateral transverse muscle cell	FBbt:00058406	metathoracic lateral transverse muscle
FBbt:00000576	muscle cell of metathoracic lateral transverse muscle 1	FBbt:00058407	metathoracic lateral transverse muscle 1
FBbt:00000577	muscle cell of metathoracic lateral transverse muscle 2	FBbt:00058408	metathoracic lateral transverse muscle 2
FBbt:00000578	muscle cell of metathoracic lateral transverse muscle 3	FBbt:00058409	metathoracic lateral transverse muscle 3
FBbt:00000579	muscle cell of metathoracic lateral transverse muscle 4	FBbt:00058410	metathoracic lateral transverse muscle 4
FBbt:00000580	metathoracic longitudinal muscle cell	FBbt:00058411	metathoracic longitudinal muscle
FBbt:00000582	muscle cell of metathoracic lateral longitudinal muscle 1	FBbt:00058413	metathoracic lateral longitudinal muscle 1
FBbt:00000583	metathoracic ventral longitudinal muscle cell	FBbt:00058414	metathoracic ventral longitudinal muscle
FBbt:00000584	muscle cell of metathoracic ventral longitudinal muscle 1	FBbt:00058415	metathoracic ventral longitudinal muscle 1
FBbt:00000585	muscle cell of metathoracic ventral longitudinal muscle 2	FBbt:00058416	metathoracic ventral longitudinal muscle 2
FBbt:00000586	muscle cell of metathoracic ventral longitudinal muscle 3	FBbt:00058417	metathoracic ventral longitudinal muscle 3
FBbt:00000587	muscle cell of metathoracic ventral longitudinal muscle 4	FBbt:00058418	metathoracic ventral longitudinal muscle 4
FBbt:00000589	A1-7 acute muscle cell	FBbt:00058419	A1-7 acute muscle
FBbt:00000590	A1-7 dorsal acute muscle cell	FBbt:00058420	A1-7 dorsal acute muscle
FBbt:00000591	muscle cell of A1-7 dorsal acute muscle 1	FBbt:00058421	A1-7 dorsal acute muscle 1
FBbt:00000592	muscle cell of A1-7 dorsal acute muscle 2	FBbt:00058422	A1-7 dorsal acute muscle 2
FBbt:00000593	muscle cell of A1-7 dorsal acute muscle 3	FBbt:00058423	A1-7 dorsal acute muscle 3
FBbt:00000594	A1-7 ventral acute muscle cell	FBbt:00058424	A1-7 ventral acute muscle
FBbt:00000595	muscle cell of A1-7 ventral acute muscle 1	FBbt:00058425	A1-7 ventral acute muscle 1
FBbt:00000597	muscle cell of ventral acute muscle 3	FBbt:00058426	ventral acute muscle 3
FBbt:00000598	A1-7 longitudinal muscle cell	FBbt:00058427	A1-7 longitudinal muscle
FBbt:00000600	muscle cell of A1-7 lateral longitudinal muscle 1	FBbt:00058428	A1-7 lateral longitudinal muscle 1
FBbt:00000601	A1-7 ventral longitudinal muscle cell	FBbt:00058429	A1-7 ventral longitudinal muscle
FBbt:00000602	muscle cell of A1-7 ventral longitudinal muscle 1	FBbt:00058430	A1-7 ventral longitudinal muscle 1
FBbt:00000603	muscle cell of A1-7 ventral longitudinal muscle 2	FBbt:00058431	A1-7 ventral longitudinal muscle 2
FBbt:00000604	muscle cell of A1-7 ventral longitudinal muscle 3	FBbt:00058432	A1-7 ventral longitudinal muscle 3
FBbt:00000605	muscle cell of A1-7 ventral longitudinal muscle 4	FBbt:00058433	A1-7 ventral longitudinal muscle 4
FBbt:00000606	A1-7 segment border muscle cell	FBbt:00058434	A1-7 segment border muscle
FBbt:00000607	A1-7 oblique muscle cell	FBbt:00058435	A1-7 oblique muscle
FBbt:00000608	A1-7 dorsal oblique muscle cell	FBbt:00058436	A1-7 dorsal oblique muscle
FBbt:00000609	muscle cell of A1-7 dorsal oblique muscle 1	FBbt:00058437	A1-7 dorsal oblique muscle 1
FBbt:00000610	muscle cell of A1-7 dorsal oblique muscle 2	FBbt:00058438	A1-7 dorsal oblique muscle 2
FBbt:00000611	muscle cell of A1-7 dorsal oblique muscle 3	FBbt:00058439	A1-7 dorsal oblique muscle 3
FBbt:00000612	muscle cell of A1-7 dorsal oblique muscle 4	FBbt:00058440	A1-7 dorsal oblique muscle 4
FBbt:00000613	muscle cell of dorsal oblique muscle 5	FBbt:00058441	dorsal oblique muscle 5
FBbt:00000615	muscle cell of A1-7 lateral oblique muscle 1	FBbt:00058442	A1-7 lateral oblique muscle 1
FBbt:00000616	A1-7 ventral oblique muscle cell	FBbt:00058443	A1-7 ventral oblique muscle
FBbt:00000617	muscle cell of A1-7 ventral oblique muscle 1	FBbt:00058444	A1-7 ventral oblique muscle 1
FBbt:00000618	muscle cell of A1-7 ventral oblique muscle 2	FBbt:00058445	A1-7 ventral oblique muscle 2
FBbt:00000619	muscle cell of A1-7 ventral oblique muscle 3	FBbt:00058446	A1-7 ventral oblique muscle 3
FBbt:00000620	muscle cell of ventral oblique muscle 4	FBbt:00058447	ventral oblique muscle 4
FBbt:00000621	muscle cell of ventral oblique muscle 5	FBbt:00058448	ventral oblique muscle 5
FBbt:00000622	muscle cell of ventral oblique muscle 6	FBbt:00058449	ventral oblique muscle 6
FBbt:00000623	A1-7 transverse muscle cell	FBbt:00058450	A1-7 transverse muscle
FBbt:00000625	muscle cell of A1-7 dorsal transverse muscle 1	FBbt:00058451	A1-7 dorsal transverse muscle 1
FBbt:00000626	A1-7 lateral transverse muscle cell	FBbt:00058452	A1-7 lateral transverse muscle
FBbt:00000627	muscle cell of A1-7 lateral transverse muscle 1	FBbt:00058453	A1-7 lateral transverse muscle 1
FBbt:00000628	muscle cell of A1-7 lateral transverse muscle 2	FBbt:00058454	A1-7 lateral transverse muscle 2
FBbt:00000629	muscle cell of A1-7 lateral transverse muscle 3	FBbt:00058455	A1-7 lateral transverse muscle 3
FBbt:00000630	muscle cell of A1-7 lateral transverse muscle 4	FBbt:00058456	A1-7 lateral transverse muscle 4
FBbt:00000632	muscle cell of A2-7 ventral transverse muscle 1	FBbt:00058458	A2-7 ventral transverse muscle 1
FBbt:00000637	hypodermal muscle cell of larval abdominal 1	FBbt:00058460	hypodermal muscle of larval abdominal 1
FBbt:00000638	abdominal 1 acute muscle cell	FBbt:00058461	abdominal 1 acute muscle
FBbt:00000639	abdominal 1 dorsal acute muscle cell	FBbt:00058462	abdominal 1 dorsal acute muscle
FBbt:00000640	muscle cell of abdominal 1 dorsal acute muscle 1	FBbt:00058463	abdominal 1 dorsal acute muscle 1
FBbt:00000641	muscle cell of abdominal 1 dorsal acute muscle 2	FBbt:00058464	abdominal 1 dorsal acute muscle 2
FBbt:00000642	muscle cell of abdominal 1 dorsal acute muscle 3	FBbt:00058465	abdominal 1 dorsal acute muscle 3
FBbt:00000643	abdominal 1 ventral acute muscle cell	FBbt:00058466	abdominal 1 ventral acute muscle
FBbt:00000644	muscle cell of abdominal 1 ventral acute muscle 1	FBbt:00058467	abdominal 1 ventral acute muscle 1
FBbt:00000645	muscle cell of abdominal 1 ventral acute muscle 2	FBbt:00058468	abdominal 1 ventral acute muscle 2
FBbt:00000646	muscle cell of abdominal 1 ventral acute muscle 3	FBbt:00058469	abdominal 1 ventral acute muscle 3
FBbt:00000647	abdominal 1 longitudinal muscle cell	FBbt:00058470	abdominal 1 longitudinal muscle
FBbt:00000649	muscle cell of abdominal 1 lateral longitudinal muscle 1	FBbt:00058471	abdominal 1 lateral longitudinal muscle 1
FBbt:00000650	abdominal 1 ventral longitudinal muscle cell	FBbt:00058472	abdominal 1 ventral longitudinal muscle
FBbt:00000651	muscle cell of abdominal 1 ventral longitudinal muscle 1	FBbt:00058473	abdominal 1 ventral longitudinal muscle 1
FBbt:00000652	muscle cell of abdominal 1 ventral longitudinal muscle 2	FBbt:00058474	abdominal 1 ventral longitudinal muscle 2
FBbt:00000653	muscle cell of abdominal 1 ventral longitudinal muscle 3	FBbt:00058475	abdominal 1 ventral longitudinal muscle 3
FBbt:00000654	muscle cell of abdominal 1 ventral longitudinal muscle 4	FBbt:00058476	abdominal 1 ventral longitudinal muscle 4
FBbt:00000655	abdominal 1 segment border muscle cell	FBbt:00058477	abdominal 1 segment border muscle
FBbt:00000656	abdominal 1 oblique muscle cell	FBbt:00058478	abdominal 1 oblique muscle
FBbt:00000657	abdominal 1 dorsal oblique muscle cell	FBbt:00058479	abdominal 1 dorsal oblique muscle
FBbt:00000658	muscle cell of abdominal 1 dorsal oblique muscle 1	FBbt:00058480	abdominal 1 dorsal oblique muscle 1
FBbt:00000659	muscle cell of abdominal 1 dorsal oblique muscle 2	FBbt:00058481	abdominal 1 dorsal oblique muscle 2
FBbt:00000660	muscle cell of abdominal 1 dorsal oblique muscle 3	FBbt:00058482	abdominal 1 dorsal oblique muscle 3
FBbt:00000661	muscle cell of abdominal 1 dorsal oblique muscle 4	FBbt:00058483	abdominal 1 dorsal oblique muscle 4
FBbt:00000662	muscle cell of abdominal 1 dorsal oblique muscle 5	FBbt:00058484	abdominal 1 dorsal oblique muscle 5
FBbt:00000664	muscle cell of abdominal 1 lateral oblique muscle 1	FBbt:00058485	abdominal 1 lateral oblique muscle 1
FBbt:00000665	abdominal 1 ventral oblique muscle cell	FBbt:00058486	abdominal 1 ventral oblique muscle
FBbt:00000666	muscle cell of abdominal 1 ventral oblique muscle 1	FBbt:00058487	abdominal 1 ventral oblique muscle 1
FBbt:00000667	muscle cell of abdominal 1 ventral oblique muscle 2	FBbt:00058488	abdominal 1 ventral oblique muscle 2
FBbt:00000668	muscle cell of abdominal 1 ventral oblique muscle 4	FBbt:00058489	abdominal 1 ventral oblique muscle 4
FBbt:00000669	muscle cell of abdominal 1 ventral oblique muscle 5	FBbt:00058490	abdominal 1 ventral oblique muscle 5
FBbt:00000670	muscle cell of abdominal 1 ventral oblique muscle 3	FBbt:00058491	abdominal 1 ventral oblique muscle 3
FBbt:00000671	abdominal 1 transverse muscle cell	FBbt:00058492	abdominal 1 transverse muscle
FBbt:00000673	muscle cell of abdominal 1 dorsal transverse muscle 1	FBbt:00058493	abdominal 1 dorsal transverse muscle 1
FBbt:00000674	abdominal 1 lateral transverse muscle cell	FBbt:00058494	abdominal 1 lateral transverse muscle
FBbt:00000675	muscle cell of abdominal 1 lateral transverse muscle 1	FBbt:00058495	abdominal 1 lateral transverse muscle 1
FBbt:00000676	muscle cell of abdominal 1 lateral transverse muscle 2	FBbt:00058496	abdominal 1 lateral transverse muscle 2
FBbt:00000677	muscle cell of abdominal 1 lateral transverse muscle 3	FBbt:00058497	abdominal 1 lateral transverse muscle 3
FBbt:00000678	muscle cell of abdominal 1 lateral transverse muscle 4	FBbt:00058498	abdominal 1 lateral transverse muscle 4
FBbt:00000680	muscle cell of abdominal 1 ventral internal muscle 1	FBbt:00058499	abdominal 1 ventral internal muscle 1
FBbt:00000681	hypodermal muscle cell of larval abdomen	FBbt:00058500	hypodermal muscle of larval abdomen
FBbt:00000682	hypodermal muscle cell of larval abdominal 2	FBbt:00058501	hypodermal muscle of larval abdominal 2
FBbt:00000683	abdominal 2 acute muscle cell	FBbt:00058502	abdominal 2 acute muscle
FBbt:00000684	abdominal 2 dorsal acute muscle cell	FBbt:00058503	abdominal 2 dorsal acute muscle
FBbt:00000685	muscle cell of abdominal 2 dorsal acute muscle 1	FBbt:00058504	abdominal 2 dorsal acute muscle 1
FBbt:00000686	muscle cell of abdominal 2 dorsal acute muscle 2	FBbt:00058505	abdominal 2 dorsal acute muscle 2
FBbt:00000687	muscle cell of abdominal 2 dorsal acute muscle 3	FBbt:00058506	abdominal 2 dorsal acute muscle 3
FBbt:00000688	abdominal 2 ventral acute muscle cell	FBbt:00058507	abdominal 2 ventral acute muscle
FBbt:00000689	muscle cell of abdominal 2 ventral acute muscle 1	FBbt:00058508	abdominal 2 ventral acute muscle 1
FBbt:00000690	muscle cell of abdominal 2 ventral acute muscle 2	FBbt:00058509	abdominal 2 ventral acute muscle 2
FBbt:00000691	muscle cell of abdominal 2 ventral acute muscle 3	FBbt:00058510	abdominal 2 ventral acute muscle 3
FBbt:00000692	abdominal 2 oblique muscle cell	FBbt:00058511	abdominal 2 oblique muscle
FBbt:00000693	abdominal 2 dorsal oblique muscle cell	FBbt:00058512	abdominal 2 dorsal oblique muscle
FBbt:00000694	muscle cell of abdominal 2 dorsal oblique muscle 1	FBbt:00058513	abdominal 2 dorsal oblique muscle 1
FBbt:00000695	muscle cell of abdominal 2 dorsal oblique muscle 2	FBbt:00058514	abdominal 2 dorsal oblique muscle 2
FBbt:00000696	muscle cell of abdominal 2 dorsal oblique muscle 3	FBbt:00058515	abdominal 2 dorsal oblique muscle 3
FBbt:00000697	muscle cell of abdominal 2 dorsal oblique muscle 4	FBbt:00058516	abdominal 2 dorsal oblique muscle 4
FBbt:00000698	muscle cell of abdominal 2 dorsal oblique muscle 5	FBbt:00058517	abdominal 2 dorsal oblique muscle 5
FBbt:00000700	muscle cell of abdominal 2 lateral oblique muscle 1	FBbt:00058518	abdominal 2 lateral oblique muscle 1
FBbt:00000701	abdominal 2 ventral oblique muscle cell	FBbt:00058519	abdominal 2 ventral oblique muscle
FBbt:00000702	muscle cell of abdominal 2 ventral oblique muscle 1	FBbt:00058520	abdominal 2 ventral oblique muscle 1
FBbt:00000703	muscle cell of abdominal 2 ventral oblique muscle 2	FBbt:00058521	abdominal 2 ventral oblique muscle 2
FBbt:00000704	muscle cell of abdominal 2 ventral oblique muscle 3	FBbt:00058522	abdominal 2 ventral oblique muscle 3
FBbt:00000705	muscle cell of abdominal 2 ventral oblique muscle 4	FBbt:00058523	abdominal 2 ventral oblique muscle 4
FBbt:00000706	muscle cell of abdominal 2 ventral oblique muscle 5	FBbt:00058524	abdominal 2 ventral oblique muscle 5
FBbt:00000707	muscle cell of abdominal 2 ventral oblique muscle 6	FBbt:00058525	abdominal 2 ventral oblique muscle 6
FBbt:00000708	abdominal 2 longitudinal muscle cell	FBbt:00058526	abdominal 2 longitudinal muscle
FBbt:00000710	muscle cell of abdominal 2 lateral longitudinal muscle 1	FBbt:00058527	abdominal 2 lateral longitudinal muscle 1
FBbt:00000711	abdominal 2 ventral longitudinal muscle cell	FBbt:00058528	abdominal 2 ventral longitudinal muscle
FBbt:00000712	muscle cell of abdominal 2 ventral longitudinal muscle 1	FBbt:00058529	abdominal 2 ventral longitudinal muscle 1
FBbt:00000713	muscle cell of abdominal 2 ventral longitudinal muscle 2	FBbt:00058530	abdominal 2 ventral longitudinal muscle 2
FBbt:00000714	muscle cell of abdominal 2 ventral longitudinal muscle 3	FBbt:00058531	abdominal 2 ventral longitudinal muscle 3
FBbt:00000715	muscle cell of abdominal 2 ventral longitudinal muscle 4	FBbt:00058532	abdominal 2 ventral longitudinal muscle 4
FBbt:00000716	abdominal 2 segment border muscle cell	FBbt:00058533	abdominal 2 segment border muscle
FBbt:00000717	abdominal 2 transverse muscle cell	FBbt:00058534	abdominal 2 transverse muscle
FBbt:00000719	muscle cell of abdominal 2 dorsal transverse muscle 1	FBbt:00058535	abdominal 2 dorsal transverse muscle 1
FBbt:00000720	abdominal 2 lateral transverse muscle cell	FBbt:00058536	abdominal 2 lateral transverse muscle
FBbt:00000721	muscle cell of abdominal 2 lateral transverse muscle 1	FBbt:00058537	abdominal 2 lateral transverse muscle 1
FBbt:00000722	muscle cell of abdominal 2 lateral transverse muscle 2	FBbt:00058538	abdominal 2 lateral transverse muscle 2
FBbt:00000723	muscle cell of abdominal 2 lateral transverse muscle 3	FBbt:00058539	abdominal 2 lateral transverse muscle 3
FBbt:00000724	muscle cell of abdominal 2 lateral transverse muscle 4	FBbt:00058540	abdominal 2 lateral transverse muscle 4
FBbt:00000726	muscle cell of abdominal 2 ventral transverse muscle 1	FBbt:00058542	abdominal 2 ventral transverse muscle 1
FBbt:00000727	hypodermal muscle cell of larval abdominal 3	FBbt:00058543	hypodermal muscle of larval abdominal 3
FBbt:00000728	abdominal 3 acute muscle cell	FBbt:00058544	abdominal 3 acute muscle
FBbt:00000729	abdominal 3 dorsal acute muscle cell	FBbt:00058545	abdominal 3 dorsal acute muscle
FBbt:00000730	muscle cell of abdominal 3 dorsal acute muscle 1	FBbt:00058546	abdominal 3 dorsal acute muscle 1
FBbt:00000731	muscle cell of abdominal 3 dorsal acute muscle 2	FBbt:00058547	abdominal 3 dorsal acute muscle 2
FBbt:00000732	muscle cell of abdominal 3 dorsal acute muscle 3	FBbt:00058548	abdominal 3 dorsal acute muscle 3
FBbt:00000733	abdominal 3 ventral acute muscle cell	FBbt:00058549	abdominal 3 ventral acute muscle
FBbt:00000734	muscle cell of abdominal 3 ventral acute muscle 1	FBbt:00058550	abdominal 3 ventral acute muscle 1
FBbt:00000735	muscle cell of abdominal 3 ventral acute muscle 2	FBbt:00058551	abdominal 3 ventral acute muscle 2
FBbt:00000736	muscle cell of abdominal 3 ventral acute muscle 3	FBbt:00058552	abdominal 3 ventral acute muscle 3
FBbt:00000737	abdominal 3 oblique muscle cell	FBbt:00058553	abdominal 3 oblique muscle
FBbt:00000738	abdominal 3 dorsal oblique muscle cell	FBbt:00058554	abdominal 3 dorsal oblique muscle
FBbt:00000739	muscle cell of abdominal 3 dorsal oblique muscle 1	FBbt:00058555	abdominal 3 dorsal oblique muscle 1
FBbt:00000740	muscle cell of abdominal 3 dorsal oblique muscle 2	FBbt:00058556	abdominal 3 dorsal oblique muscle 2
FBbt:00000741	muscle cell of abdominal 3 dorsal oblique muscle 3	FBbt:00058557	abdominal 3 dorsal oblique muscle 3
FBbt:00000742	muscle cell of abdominal 3 dorsal oblique muscle 4	FBbt:00058558	abdominal 3 dorsal oblique muscle 4
FBbt:00000743	muscle cell of abdominal 3 dorsal oblique muscle 5	FBbt:00058559	abdominal 3 dorsal oblique muscle 5
FBbt:00000745	muscle cell of abdominal 3 lateral oblique muscle 1	FBbt:00058560	abdominal 3 lateral oblique muscle 1
FBbt:00000746	abdominal 3 ventral oblique muscle cell	FBbt:00058561	abdominal 3 ventral oblique muscle
FBbt:00000747	muscle cell of abdominal 3 ventral oblique muscle 1	FBbt:00058562	abdominal 3 ventral oblique muscle 1
FBbt:00000748	muscle cell of abdominal 3 ventral oblique muscle 2	FBbt:00058563	abdominal 3 ventral oblique muscle 2
FBbt:00000749	muscle cell of abdominal 3 ventral oblique muscle 3	FBbt:00058564	abdominal 3 ventral oblique muscle 3
FBbt:00000750	muscle cell of abdominal 3 ventral oblique muscle 4	FBbt:00058565	abdominal 3 ventral oblique muscle 4
FBbt:00000751	muscle cell of abdominal 3 ventral oblique muscle 5	FBbt:00058566	abdominal 3 ventral oblique muscle 5
FBbt:00000752	muscle cell of abdominal 3 ventral oblique muscle 6	FBbt:00058567	abdominal 3 ventral oblique muscle 6
FBbt:00000753	abdominal 3 longitudinal muscle cell	FBbt:00058568	abdominal 3 longitudinal muscle
FBbt:00000755	muscle cell of abdominal 3 lateral longitudinal muscle 1	FBbt:00058569	abdominal 3 lateral longitudinal muscle 1
FBbt:00000756	abdominal 3 ventral longitudinal muscle cell	FBbt:00058570	abdominal 3 ventral longitudinal muscle
FBbt:00000757	muscle cell of abdominal 3 ventral longitudinal muscle 1	FBbt:00058571	abdominal 3 ventral longitudinal muscle 1
FBbt:00000758	muscle cell of abdominal 3 ventral longitudinal muscle 2	FBbt:00058572	abdominal 3 ventral longitudinal muscle 2
FBbt:00000759	muscle cell of abdominal 3 ventral longitudinal muscle 3	FBbt:00058573	abdominal 3 ventral longitudinal muscle 3
FBbt:00000760	muscle cell of abdominal 3 ventral longitudinal muscle 4	FBbt:00058574	abdominal 3 ventral longitudinal muscle 4
FBbt:00000761	abdominal 3 segment border muscle cell	FBbt:00058575	abdominal 3 segment border muscle
FBbt:00000762	abdominal 3 transverse muscle cell	FBbt:00058576	abdominal 3 transverse muscle
FBbt:00000764	muscle cell of abdominal 3 dorsal transverse muscle 1	FBbt:00058577	abdominal 3 dorsal transverse muscle 1
FBbt:00000765	abdominal 3 lateral transverse muscle cell	FBbt:00058578	abdominal 3 lateral transverse muscle
FBbt:00000766	muscle cell of abdominal 3 lateral transverse muscle 1	FBbt:00058579	abdominal 3 lateral transverse muscle 1
FBbt:00000767	muscle cell of abdominal 3 lateral transverse muscle 2	FBbt:00058580	abdominal 3 lateral transverse muscle 2
FBbt:00000768	muscle cell of abdominal 3 lateral transverse muscle 3	FBbt:00058581	abdominal 3 lateral transverse muscle 3
FBbt:00000769	muscle cell of abdominal 3 lateral transverse muscle 4	FBbt:00058582	abdominal 3 lateral transverse muscle 4
FBbt:00000771	muscle cell of abdominal 3 ventral transverse muscle 1	FBbt:00058584	abdominal 3 ventral transverse muscle 1
FBbt:00000772	hypodermal muscle cell of larval abdominal 4	FBbt:00058585	hypodermal muscle of larval abdominal 4
FBbt:00000773	abdominal 4 acute muscle cell	FBbt:00058586	abdominal 4 acute muscle
FBbt:00000774	abdominal 4 dorsal acute muscle cell	FBbt:00058587	abdominal 4 dorsal acute muscle
FBbt:00000775	muscle cell of abdominal 4 dorsal acute muscle 1	FBbt:00058588	abdominal 4 dorsal acute muscle 1
FBbt:00000776	muscle cell of abdominal 4 dorsal acute muscle 2	FBbt:00058589	abdominal 4 dorsal acute muscle 2
FBbt:00000777	muscle cell of abdominal 4 dorsal acute muscle 3	FBbt:00058590	abdominal 4 dorsal acute muscle 3
FBbt:00000778	abdominal 4 ventral acute muscle cell	FBbt:00058591	abdominal 4 ventral acute muscle
FBbt:00000779	muscle cell of abdominal 4 ventral acute muscle 1	FBbt:00058592	abdominal 4 ventral acute muscle 1
FBbt:00000780	muscle cell of abdominal 4 ventral acute muscle 2	FBbt:00058593	abdominal 4 ventral acute muscle 2
FBbt:00000781	muscle cell of abdominal 4 ventral acute muscle 3	FBbt:00058594	abdominal 4 ventral acute muscle 3
FBbt:00000782	abdominal 4 oblique muscle cell	FBbt:00058595	abdominal 4 oblique muscle
FBbt:00000783	abdominal 4 dorsal oblique muscle cell	FBbt:00058596	abdominal 4 dorsal oblique muscle
FBbt:00000784	muscle cell of abdominal 4 dorsal oblique muscle 1	FBbt:00058597	abdominal 4 dorsal oblique muscle 1
FBbt:00000785	muscle cell of abdominal 4 dorsal oblique muscle 2	FBbt:00058598	abdominal 4 dorsal oblique muscle 2
FBbt:00000786	muscle cell of abdominal 4 dorsal oblique muscle 3	FBbt:00058599	abdominal 4 dorsal oblique muscle 3
FBbt:00000787	muscle cell of abdominal 4 dorsal oblique muscle 4	FBbt:00058600	abdominal 4 dorsal oblique muscle 4
FBbt:00000788	muscle cell of abdominal 4 dorsal oblique muscle 5	FBbt:00058601	abdominal 4 dorsal oblique muscle 5
FBbt:00000790	muscle cell of abdominal 4 lateral oblique muscle 1	FBbt:00058602	abdominal 4 lateral oblique muscle 1
FBbt:00000791	abdominal 4 ventral oblique muscle cell	FBbt:00058603	abdominal 4 ventral oblique muscle
FBbt:00000792	muscle cell of abdominal 4 ventral oblique muscle 1	FBbt:00058604	abdominal 4 ventral oblique muscle 1
FBbt:00000793	muscle cell of abdominal 4 ventral oblique muscle 2	FBbt:00058605	abdominal 4 ventral oblique muscle 2
FBbt:00000794	muscle cell of abdominal 4 ventral oblique muscle 3	FBbt:00058606	abdominal 4 ventral oblique muscle 3
FBbt:00000795	muscle cell of abdominal 4 ventral oblique muscle 4	FBbt:00058607	abdominal 4 ventral oblique muscle 4
FBbt:00000796	muscle cell of abdominal 4 ventral oblique muscle 5	FBbt:00058608	abdominal 4 ventral oblique muscle 5
FBbt:00000797	muscle cell of abdominal 4 ventral oblique muscle 6	FBbt:00058609	abdominal 4 ventral oblique muscle 6
FBbt:00000798	abdominal 4 longitudinal muscle cell	FBbt:00058610	abdominal 4 longitudinal muscle
FBbt:00000800	muscle cell of abdominal 4 lateral longitudinal muscle 1	FBbt:00058611	abdominal 4 lateral longitudinal muscle 1
FBbt:00000801	abdominal 4 ventral longitudinal muscle cell	FBbt:00058612	abdominal 4 ventral longitudinal muscle
FBbt:00000802	muscle cell of abdominal 4 ventral longitudinal muscle 1	FBbt:00058613	abdominal 4 ventral longitudinal muscle 1
FBbt:00000803	muscle cell of abdominal 4 ventral longitudinal muscle 2	FBbt:00058614	abdominal 4 ventral longitudinal muscle 2
FBbt:00000804	muscle cell of abdominal 4 ventral longitudinal muscle 3	FBbt:00058615	abdominal 4 ventral longitudinal muscle 3
FBbt:00000805	muscle cell of abdominal 4 ventral longitudinal muscle 4	FBbt:00058616	abdominal 4 ventral longitudinal muscle 4
FBbt:00000806	abdominal 4 segment border muscle cell	FBbt:00058617	abdominal 4 segment border muscle
FBbt:00000807	abdominal 4 transverse muscle cell	FBbt:00058618	abdominal 4 transverse muscle
FBbt:00000809	muscle cell of abdominal 4 dorsal transverse muscle 1	FBbt:00058619	abdominal 4 dorsal transverse muscle 1
FBbt:00000810	abdominal 4 lateral transverse muscle cell	FBbt:00058620	abdominal 4 lateral transverse muscle
FBbt:00000811	muscle cell of abdominal 4 lateral transverse muscle 1	FBbt:00058621	abdominal 4 lateral transverse muscle 1
FBbt:00000812	muscle cell of abdominal 4 lateral transverse muscle 2	FBbt:00058622	abdominal 4 lateral transverse muscle 2
FBbt:00000813	muscle cell of abdominal 4 lateral transverse muscle 3	FBbt:00058623	abdominal 4 lateral transverse muscle 3
FBbt:00000814	muscle cell of abdominal 4 lateral transverse muscle 4	FBbt:00058624	abdominal 4 lateral transverse muscle 4
FBbt:00000816	muscle cell of abdominal 4 ventral transverse muscle 1	FBbt:00058626	abdominal 4 ventral transverse muscle 1
FBbt:00000817	hypodermal muscle cell of larval abdominal 5	FBbt:00058627	hypodermal muscle of larval abdominal 5
FBbt:00000818	abdominal 5 acute muscle cell	FBbt:00058628	abdominal 5 acute muscle
FBbt:00000819	abdominal 5 dorsal acute muscle cell	FBbt:00058629	abdominal 5 dorsal acute muscle
FBbt:00000820	muscle cell of abdominal 5 dorsal acute muscle 1	FBbt:00058630	abdominal 5 dorsal acute muscle 1
FBbt:00000821	muscle cell of abdominal 5 dorsal acute muscle 2	FBbt:00058631	abdominal 5 dorsal acute muscle 2
FBbt:00000822	muscle cell of abdominal 5 dorsal acute muscle 3	FBbt:00058632	abdominal 5 dorsal acute muscle 3
FBbt:00000823	abdominal 5 ventral acute muscle cell	FBbt:00058633	abdominal 5 ventral acute muscle
FBbt:00000824	muscle cell of abdominal 5 ventral acute muscle 1	FBbt:00058634	abdominal 5 ventral acute muscle 1
FBbt:00000825	muscle cell of abdominal 5 ventral acute muscle 2	FBbt:00058635	abdominal 5 ventral acute muscle 2
FBbt:00000826	muscle cell of abdominal 5 ventral acute muscle 3	FBbt:00058636	abdominal 5 ventral acute muscle 3
FBbt:00000827	abdominal 5 oblique muscle cell	FBbt:00058637	abdominal 5 oblique muscle
FBbt:00000828	abdominal 5 dorsal oblique muscle cell	FBbt:00058638	abdominal 5 dorsal oblique muscle
FBbt:00000829	muscle cell of abdominal 5 dorsal oblique muscle 1	FBbt:00058639	abdominal 5 dorsal oblique muscle 1
FBbt:00000830	muscle cell of abdominal 5 dorsal oblique muscle 2	FBbt:00058640	abdominal 5 dorsal oblique muscle 2
FBbt:00000831	muscle cell of abdominal 5 dorsal oblique muscle 3	FBbt:00058641	abdominal 5 dorsal oblique muscle 3
FBbt:00000832	muscle cell of abdominal 5 dorsal oblique muscle 4	FBbt:00058642	abdominal 5 dorsal oblique muscle 4
FBbt:00000833	muscle cell of abdominal 5 dorsal oblique muscle 5	FBbt:00058643	abdominal 5 dorsal oblique muscle 5
FBbt:00000835	muscle cell of abdominal 5 lateral oblique muscle 1	FBbt:00058644	abdominal 5 lateral oblique muscle 1
FBbt:00000836	abdominal 5 ventral oblique muscle cell	FBbt:00058645	abdominal 5 ventral oblique muscle
FBbt:00000837	muscle cell of abdominal 5 ventral oblique muscle 1	FBbt:00058646	abdominal 5 ventral oblique muscle 1
FBbt:00000838	muscle cell of abdominal 5 ventral oblique muscle 2	FBbt:00058647	abdominal 5 ventral oblique muscle 2
FBbt:00000839	muscle cell of abdominal 5 ventral oblique muscle 3	FBbt:00058648	abdominal 5 ventral oblique muscle 3
FBbt:00000840	muscle cell of abdominal 5 ventral oblique muscle 4	FBbt:00058649	abdominal 5 ventral oblique muscle 4
FBbt:00000841	muscle cell of abdominal 5 ventral oblique muscle 5	FBbt:00058650	abdominal 5 ventral oblique muscle 5
FBbt:00000842	muscle cell of abdominal 5 ventral oblique muscle 6	FBbt:00058651	abdominal 5 ventral oblique muscle 6
FBbt:00000843	abdominal 5 longitudinal muscle cell	FBbt:00058652	abdominal 5 longitudinal muscle
FBbt:00000845	muscle cell of abdominal 5 lateral longitudinal muscle 1	FBbt:00058653	abdominal 5 lateral longitudinal muscle 1
FBbt:00000846	abdominal 5 ventral longitudinal muscle cell	FBbt:00058654	abdominal 5 ventral longitudinal muscle
FBbt:00000847	muscle cell of abdominal 5 ventral longitudinal muscle 1	FBbt:00058655	abdominal 5 ventral longitudinal muscle 1
FBbt:00000848	muscle cell of abdominal 5 ventral longitudinal muscle 2	FBbt:00058656	abdominal 5 ventral longitudinal muscle 2
FBbt:00000849	muscle cell of abdominal 5 ventral longitudinal muscle 3	FBbt:00058657	abdominal 5 ventral longitudinal muscle 3
FBbt:00000850	muscle cell of abdominal 5 ventral longitudinal muscle 4	FBbt:00058658	abdominal 5 ventral longitudinal muscle 4
FBbt:00000851	abdominal 5 segment border muscle cell	FBbt:00058659	abdominal 5 segment border muscle
FBbt:00000852	abdominal 5 transverse muscle cell	FBbt:00058660	abdominal 5 transverse muscle
FBbt:00000854	muscle cell of abdominal 5 dorsal transverse muscle 1	FBbt:00058661	abdominal 5 dorsal transverse muscle 1
FBbt:00000855	abdominal 5 lateral transverse muscle cell	FBbt:00058662	abdominal 5 lateral transverse muscle
FBbt:00000856	muscle cell of abdominal 5 lateral transverse muscle 1	FBbt:00058663	abdominal 5 lateral transverse muscle 1
FBbt:00000857	muscle cell of abdominal 5 lateral transverse muscle 2	FBbt:00058664	abdominal 5 lateral transverse muscle 2
FBbt:00000858	muscle cell of abdominal 5 lateral transverse muscle 3	FBbt:00058665	abdominal 5 lateral transverse muscle 3
FBbt:00000859	muscle cell of abdominal 5 lateral transverse muscle 4	FBbt:00058666	abdominal 5 lateral transverse muscle 4
FBbt:00000861	muscle cell of abdominal 5 ventral transverse muscle 1	FBbt:00058668	abdominal 5 ventral transverse muscle 1
FBbt:00000862	hypodermal muscle cell of larval abdominal 6	FBbt:00058669	hypodermal muscle of larval abdominal 6
FBbt:00000863	abdominal 6 acute muscle cell	FBbt:00058670	abdominal 6 acute muscle
FBbt:00000864	abdominal 6 dorsal acute muscle cell	FBbt:00058671	abdominal 6 dorsal acute muscle
FBbt:00000865	muscle cell of abdominal 6 dorsal acute muscle 1	FBbt:00058672	abdominal 6 dorsal acute muscle 1
FBbt:00000866	muscle cell of abdominal 6 dorsal acute muscle 2	FBbt:00058673	abdominal 6 dorsal acute muscle 2
FBbt:00000867	muscle cell of abdominal 6 dorsal acute muscle 3	FBbt:00058674	abdominal 6 dorsal acute muscle 3
FBbt:00000868	abdominal 6 ventral acute muscle cell	FBbt:00058675	abdominal 6 ventral acute muscle
FBbt:00000869	muscle cell of abdominal 6 ventral acute muscle 1	FBbt:00058676	abdominal 6 ventral acute muscle 1
FBbt:00000870	muscle cell of abdominal 6 ventral acute muscle 2	FBbt:00058677	abdominal 6 ventral acute muscle 2
FBbt:00000871	muscle cell of abdominal 6 ventral acute muscle 3	FBbt:00058678	abdominal 6 ventral acute muscle 3
FBbt:00000872	abdominal 6 oblique muscle cell	FBbt:00058679	abdominal 6 oblique muscle
FBbt:00000873	abdominal 6 dorsal oblique muscle cell	FBbt:00058680	abdominal 6 dorsal oblique muscle
FBbt:00000874	muscle cell of abdominal 6 dorsal oblique muscle 1	FBbt:00058681	abdominal 6 dorsal oblique muscle 1
FBbt:00000875	muscle cell of abdominal 6 dorsal oblique muscle 2	FBbt:00058682	abdominal 6 dorsal oblique muscle 2
FBbt:00000876	muscle cell of abdominal 6 dorsal oblique muscle 3	FBbt:00058683	abdominal 6 dorsal oblique muscle 3
FBbt:00000877	muscle cell of abdominal 6 dorsal oblique muscle 4	FBbt:00058684	abdominal 6 dorsal oblique muscle 4
FBbt:00000878	muscle cell of abdominal 6 dorsal oblique muscle 5	FBbt:00058685	abdominal 6 dorsal oblique muscle 5
FBbt:00000880	muscle cell of abdominal 6 lateral oblique muscle 1	FBbt:00058686	abdominal 6 lateral oblique muscle 1
FBbt:00000881	abdominal 6 ventral oblique muscle cell	FBbt:00058687	abdominal 6 ventral oblique muscle
FBbt:00000882	muscle cell of abdominal 6 ventral oblique muscle 1	FBbt:00058688	abdominal 6 ventral oblique muscle 1
FBbt:00000883	muscle cell of abdominal 6 ventral oblique muscle 2	FBbt:00058689	abdominal 6 ventral oblique muscle 2
FBbt:00000884	muscle cell of abdominal 6 ventral oblique muscle 3	FBbt:00058690	abdominal 6 ventral oblique muscle 3
FBbt:00000885	muscle cell of abdominal 6 ventral oblique muscle 4	FBbt:00058691	abdominal 6 ventral oblique muscle 4
FBbt:00000886	muscle cell of abdominal 6 ventral oblique muscle 5	FBbt:00058692	abdominal 6 ventral oblique muscle 5
FBbt:00000887	muscle cell of abdominal 6 ventral oblique muscle 6	FBbt:00058693	abdominal 6 ventral oblique muscle 6
FBbt:00000888	abdominal 6 longitudinal muscle cell	FBbt:00058694	abdominal 6 longitudinal muscle
FBbt:00000890	muscle cell of abdominal 6 lateral longitudinal muscle 1	FBbt:00058695	abdominal 6 lateral longitudinal muscle 1
FBbt:00000891	abdominal 6 ventral longitudinal muscle cell	FBbt:00058696	abdominal 6 ventral longitudinal muscle
FBbt:00000892	muscle cell of abdominal 6 ventral longitudinal muscle 1	FBbt:00058697	abdominal 6 ventral longitudinal muscle 1
FBbt:00000893	muscle cell of abdominal 6 ventral longitudinal muscle 2	FBbt:00058698	abdominal 6 ventral longitudinal muscle 2
FBbt:00000894	muscle cell of abdominal 6 ventral longitudinal muscle 3	FBbt:00058699	abdominal 6 ventral longitudinal muscle 3
FBbt:00000895	muscle cell of abdominal 6 ventral longitudinal muscle 4	FBbt:00058700	abdominal 6 ventral longitudinal muscle 4
FBbt:00000896	abdominal 6 segment border muscle cell	FBbt:00058701	abdominal 6 segment border muscle
FBbt:00000897	abdominal 6 transverse muscle cell	FBbt:00058702	abdominal 6 transverse muscle
FBbt:00000899	muscle cell of abdominal 6 dorsal transverse muscle 1	FBbt:00058703	abdominal 6 dorsal transverse muscle 1
FBbt:00000900	abdominal 6 lateral transverse muscle cell	FBbt:00058704	abdominal 6 lateral transverse muscle
FBbt:00000901	muscle cell of abdominal 6 lateral transverse muscle 1	FBbt:00058705	abdominal 6 lateral transverse muscle 1
FBbt:00000902	muscle cell of abdominal 6 lateral transverse muscle 2	FBbt:00058706	abdominal 6 lateral transverse muscle 2
FBbt:00000903	muscle cell of abdominal 6 lateral transverse muscle 3	FBbt:00058707	abdominal 6 lateral transverse muscle 3
FBbt:00000904	muscle cell of abdominal 6 lateral transverse muscle 4	FBbt:00058708	abdominal 6 lateral transverse muscle 4
FBbt:00000906	muscle cell of abdominal 6 ventral transverse muscle 1	FBbt:00058710	abdominal 6 ventral transverse muscle 1
FBbt:00000907	hypodermal muscle cell of larval abdominal 7	FBbt:00058711	hypodermal muscle of larval abdominal 7
FBbt:00000908	abdominal 7 acute muscle cell	FBbt:00058712	abdominal 7 acute muscle
FBbt:00000909	abdominal 7 dorsal acute muscle cell	FBbt:00058713	abdominal 7 dorsal acute muscle
FBbt:00000910	muscle cell of abdominal 7 dorsal acute muscle 1	FBbt:00058714	abdominal 7 dorsal acute muscle 1
FBbt:00000911	muscle cell of abdominal 7 dorsal acute muscle 2	FBbt:00058715	abdominal 7 dorsal acute muscle 2
FBbt:00000912	muscle cell of abdominal 7 dorsal acute muscle 3	FBbt:00058716	abdominal 7 dorsal acute muscle 3
FBbt:00000913	abdominal 7 ventral acute muscle cell	FBbt:00058717	abdominal 7 ventral acute muscle
FBbt:00000914	muscle cell of abdominal 7 ventral acute muscle 1	FBbt:00058718	abdominal 7 ventral acute muscle 1
FBbt:00000915	muscle cell of abdominal 7 ventral acute muscle 2	FBbt:00058719	abdominal 7 ventral acute muscle 2
FBbt:00000916	muscle cell of abdominal 7 ventral acute muscle 3	FBbt:00058720	abdominal 7 ventral acute muscle 3
FBbt:00000917	abdominal 7 oblique muscle cell	FBbt:00058721	abdominal 7 oblique muscle
FBbt:00000918	abdominal 7 dorsal oblique muscle cell	FBbt:00058722	abdominal 7 dorsal oblique muscle
FBbt:00000919	muscle cell of abdominal 7 dorsal oblique muscle 1	FBbt:00058723	abdominal 7 dorsal oblique muscle 1
FBbt:00000920	muscle cell of abdominal 7 dorsal oblique muscle 2	FBbt:00058724	abdominal 7 dorsal oblique muscle 2
FBbt:00000921	muscle cell of abdominal 7 dorsal oblique muscle 3	FBbt:00058725	abdominal 7 dorsal oblique muscle 3
FBbt:00000922	muscle cell of abdominal 7 dorsal oblique muscle 4	FBbt:00058726	abdominal 7 dorsal oblique muscle 4
FBbt:00000923	muscle cell of abdominal 7 dorsal oblique muscle 5	FBbt:00058727	abdominal 7 dorsal oblique muscle 5
FBbt:00000925	muscle cell of abdominal 7 lateral oblique muscle 1	FBbt:00058728	abdominal 7 lateral oblique muscle 1
FBbt:00000926	abdominal 7 ventral oblique muscle cell	FBbt:00058729	abdominal 7 ventral oblique muscle
FBbt:00000927	muscle cell of abdominal 7 ventral oblique muscle 1	FBbt:00058730	abdominal 7 ventral oblique muscle 1
FBbt:00000928	muscle cell of abdominal 7 ventral oblique muscle 2	FBbt:00058731	abdominal 7 ventral oblique muscle 2
FBbt:00000929	muscle cell of abdominal 7 ventral oblique muscle 3	FBbt:00058732	abdominal 7 ventral oblique muscle 3
FBbt:00000930	muscle cell of abdominal 7 ventral oblique muscle 4	FBbt:00058733	abdominal 7 ventral oblique muscle 4
FBbt:00000931	muscle cell of abdominal 7 ventral oblique muscle 5	FBbt:00058734	abdominal 7 ventral oblique muscle 5
FBbt:00000932	muscle cell of abdominal 7 ventral oblique muscle 6	FBbt:00058735	abdominal 7 ventral oblique muscle 6
FBbt:00000933	abdominal 7 longitudinal muscle cell	FBbt:00058736	abdominal 7 longitudinal muscle
FBbt:00000935	muscle cell of abdominal 7 lateral longitudinal muscle 1	FBbt:00058737	abdominal 7 lateral longitudinal muscle 1
FBbt:00000936	abdominal 7 ventral longitudinal muscle cell	FBbt:00058738	abdominal 7 ventral longitudinal muscle
FBbt:00000937	muscle cell of abdominal 7 ventral longitudinal muscle 1	FBbt:00058739	abdominal 7 ventral longitudinal muscle 1
FBbt:00000938	muscle cell of abdominal 7 ventral longitudinal muscle 2	FBbt:00058740	abdominal 7 ventral longitudinal muscle 2
FBbt:00000939	muscle cell of abdominal 7 ventral longitudinal muscle 3	FBbt:00058741	abdominal 7 ventral longitudinal muscle 3
FBbt:00000940	muscle cell of abdominal 7 ventral longitudinal muscle 4	FBbt:00058742	abdominal 7 ventral longitudinal muscle 4
FBbt:00000941	abdominal 7 segment border muscle cell	FBbt:00058743	abdominal 7 segment border muscle
FBbt:00000942	abdominal 7 transverse muscle cell	FBbt:00058744	abdominal 7 transverse muscle
FBbt:00000944	muscle cell of abdominal 7 dorsal transverse muscle 1	FBbt:00058745	abdominal 7 dorsal transverse muscle 1
FBbt:00000945	abdominal 7 lateral transverse muscle cell	FBbt:00058746	abdominal 7 lateral transverse muscle
FBbt:00000946	muscle cell of abdominal 7 lateral transverse muscle 1	FBbt:00058747	abdominal 7 lateral transverse muscle 1
FBbt:00000947	muscle cell of abdominal 7 lateral transverse muscle 2	FBbt:00058748	abdominal 7 lateral transverse muscle 2
FBbt:00000948	muscle cell of abdominal 7 lateral transverse muscle 3	FBbt:00058749	abdominal 7 lateral transverse muscle 3
FBbt:00000949	muscle cell of abdominal 7 lateral transverse muscle 4	FBbt:00058750	abdominal 7 lateral transverse muscle 4
FBbt:00000951	muscle cell of abdominal 7 ventral transverse muscle 1	FBbt:00058752	abdominal 7 ventral transverse muscle 1
FBbt:00000952	hypodermal muscle cell of larval abdominal 8	FBbt:00058753	hypodermal muscle of larval abdominal 8
FBbt:00000953	abdominal 8 oblique muscle cell	FBbt:00058754	abdominal 8 oblique muscle
FBbt:00000955	muscle cell of abdominal 8 dorsal oblique muscle 1	FBbt:00058756	abdominal 8 dorsal oblique muscle 1
FBbt:00000956	abdominal 8 ventral oblique muscle cell	FBbt:00058757	abdominal 8 ventral oblique muscle
FBbt:00000957	muscle cell of abdominal 8 ventral oblique muscle 1	FBbt:00058758	abdominal 8 ventral oblique muscle 1
FBbt:00000958	muscle cell of abdominal 8 ventral oblique muscle 2	FBbt:00058759	abdominal 8 ventral oblique muscle 2
FBbt:00000959	muscle cell of abdominal 8 ventral oblique muscle 3	FBbt:00058760	abdominal 8 ventral oblique muscle 3
FBbt:00000960	abdominal 8 transverse muscle cell	FBbt:00058761	abdominal 8 transverse muscle
FBbt:00000962	muscle cell of abdominal 8 dorsal transverse muscle 1	FBbt:00058762	abdominal 8 dorsal transverse muscle 1
FBbt:00000964	muscle cell of abdominal 8 lateral transverse muscle 1	FBbt:00058764	abdominal 8 lateral transverse muscle 1
FBbt:00000965	abdominal 8 ventral transverse muscle cell	FBbt:00058765	abdominal 8 ventral transverse muscle
FBbt:00000966	muscle cell of abdominal 8 ventral transverse muscle 1	FBbt:00058766	abdominal 8 ventral transverse muscle 1
FBbt:00000967	muscle cell of abdominal 8 ventral transverse muscle 2	FBbt:00058767	abdominal 8 ventral transverse muscle 2
FBbt:00000969	abdominal 8 ventral longitudinal muscle cell	FBbt:00058769	abdominal 8 ventral longitudinal muscle
FBbt:00000970	muscle cell of abdominal 8 ventral longitudinal muscle 1	FBbt:00058770	abdominal 8 ventral longitudinal muscle 1
FBbt:00000971	muscle cell of abdominal 8 ventral longitudinal muscle 2	FBbt:00058771	abdominal 8 ventral longitudinal muscle 2
FBbt:00000972	muscle cell of abdominal 8 ventral longitudinal muscle 3	FBbt:00058772	abdominal 8 ventral longitudinal muscle 3
FBbt:00000973	muscle cell of abdominal 8 ventral longitudinal muscle 4	FBbt:00058773	abdominal 8 ventral longitudinal muscle 4
FBbt:00000974	hypodermal muscle cell of larval abdominal 9	FBbt:00058774	hypodermal muscle of larval abdominal 9
FBbt:00000996	muscle cell of terminal transverse muscle 1	FBbt:00058775	terminal transverse muscle 1
FBbt:00000997	terminal oblique muscle cell	FBbt:00058776	terminal oblique muscle
FBbt:00000998	muscle cell of terminal oblique muscle 1	FBbt:00058777	terminal oblique muscle 1
FBbt:00000999	muscle cell of terminal oblique muscle 2	FBbt:00058778	terminal oblique muscle 2
FBbt:00001000	gut suspension muscle cell	FBbt:00058779	gut suspension muscle
FBbt:00001001	muscle cell of gut suspension muscle 1	FBbt:00058780	gut suspension muscle 1
FBbt:00001002	muscle cell of gut suspension muscle 2	FBbt:00058781	gut suspension muscle 2
FBbt:00001003	muscle cell of gut suspension muscle 3	FBbt:00058782	gut suspension muscle 3
FBbt:00001004	muscle cell of gut suspension muscle 4	FBbt:00058783	gut suspension muscle 4
FBbt:00003259	adult somatic muscle cell	FBbt:00058784	adult somatic muscle
FBbt:00003260	adult somatic muscle cell of head	FBbt:00058785	adult somatic muscle of head
FBbt:00003261	proboscis muscle cell	FBbt:00058786	proboscis muscle
FBbt:00003262	muscle cell of proboscis muscle 1	FBbt:00058787	proboscis muscle 1
FBbt:00003263	muscle cell of proboscis muscle 2 dorsal	FBbt:00058788	proboscis muscle 2 dorsal
FBbt:00003264	muscle cell of proboscis muscle 3	FBbt:00058789	proboscis muscle 3
FBbt:00003265	muscle cell of proboscis muscle 4	FBbt:00058790	proboscis muscle 4
FBbt:00003266	muscle cell of proboscis muscle 5	FBbt:00058791	proboscis muscle 5
FBbt:00003267	haustellum muscle cell	FBbt:00058792	haustellum muscle
FBbt:00003268	muscle cell of proboscis muscle 6	FBbt:00058793	proboscis muscle 6
FBbt:00003269	muscle cell of proboscis muscle 7	FBbt:00058794	proboscis muscle 7
FBbt:00003270	muscle cell of proboscis muscle 8	FBbt:00058795	proboscis muscle 8
FBbt:00003271	cibarial muscle cell	FBbt:00058796	cibarial muscle
FBbt:00003272	muscle cell of proboscis muscle 9	FBbt:00058797	proboscis muscle 9
FBbt:00003273	muscle cell of proboscis muscle 10	FBbt:00058798	proboscis muscle 10
FBbt:00003275	muscle cell of proboscis muscle 11 dorsal	FBbt:00058799	proboscis muscle 11 dorsal
FBbt:00003276	muscle cell of proboscis muscle 12 dorsal	FBbt:00058800	proboscis muscle 12 dorsal
FBbt:00003277	muscle cell of proboscis muscle 13	FBbt:00058801	proboscis muscle 13
FBbt:00003278	second antennal segment muscle cell	FBbt:00058802	second antennal segment muscle
FBbt:00003279	muscle cell of second antennal segment muscle 14	FBbt:00058803	second antennal segment muscle 14
FBbt:00003280	muscle cell of second antennal segment muscle 15	FBbt:00058804	second antennal segment muscle 15
FBbt:00003281	muscle cell of frontal pulsatile organ muscle 16	FBbt:00058805	frontal pulsatile organ muscle 16
FBbt:00003282	somatic muscle cell of dorsal head	FBbt:00058806	somatic muscle of dorsal head
FBbt:00003283	muscle cell of fronto-pharyngeal muscle 17	FBbt:00058807	fronto-pharyngeal muscle 17
FBbt:00003284	muscle cell of ptilino-pharyngeal muscle 18a	FBbt:00058808	ptilino-pharyngeal muscle 18a
FBbt:00003285	muscle cell of transverse-ptilinal muscle 18b	FBbt:00058809	transverse-ptilinal muscle 18b
FBbt:00003286	muscle cell of fronto-tentorial muscle 19a	FBbt:00058810	fronto-tentorial muscle 19a
FBbt:00003287	muscle cell of geno-tentorial muscle 19b	FBbt:00058811	geno-tentorial muscle 19b
FBbt:00003288	transverse vertex muscle cell	FBbt:00058812	transverse vertex muscle
FBbt:00003289	ptilino-tentorial muscle cell	FBbt:00058813	ptilino-tentorial muscle
FBbt:00003290	lunula muscle cell	FBbt:00058814	lunula muscle
FBbt:00003291	ocular-antennal muscle cell	FBbt:00058815	ocular-antennal muscle
FBbt:00003293	somatic muscle cell of neck	FBbt:00058816	somatic muscle of neck
FBbt:00003294	dorsal cervical muscle cell	FBbt:00058817	dorsal cervical muscle
FBbt:00003295	muscle cell of dorsal cervical muscle 20	FBbt:00058818	dorsal cervical muscle 20
FBbt:00003296	muscle cell dorsal cervical muscle 21	FBbt:00058819	dorsal cervical muscle 21
FBbt:00003297	muscle cell of dorsal cervical muscle 22	FBbt:00058820	dorsal cervical muscle 22
FBbt:00003298	muscle cell of dorsal cervical muscle 23	FBbt:00058821	dorsal cervical muscle 23
FBbt:00003299	lateral cervical muscle cell	FBbt:00058822	lateral cervical muscle
FBbt:00003300	muscle cell of lateral cervical muscle 24	FBbt:00058823	lateral cervical muscle 24
FBbt:00003301	ventral cervical muscle cell	FBbt:00058824	ventral cervical muscle
FBbt:00003302	muscle cell of ventral cervical muscle 25	FBbt:00058825	ventral cervical muscle 25
FBbt:00003303	muscle cell of ventral cervical muscle 26	FBbt:00058826	ventral cervical muscle 26
FBbt:00003304	muscle cell of ventral cervical muscle 27	FBbt:00058827	ventral cervical muscle 27
FBbt:00003305	adult somatic muscle cell of thorax	FBbt:00058828	adult somatic muscle of thorax
FBbt:00003306	promotor muscle cell	FBbt:00058829	promotor muscle
FBbt:00003307	tergopleural promotor muscle cell	FBbt:00058830	tergopleural promotor muscle
FBbt:00003308	sternal promotor muscle cell	FBbt:00058831	sternal promotor muscle
FBbt:00003309	pleural promotor muscle cell	FBbt:00058832	pleural promotor muscle
FBbt:00003310	remotor muscle cell	FBbt:00058833	remotor muscle
FBbt:00003311	tergal remotor muscle cell	FBbt:00058834	tergal remotor muscle
FBbt:00003312	sternal remotor muscle cell	FBbt:00058835	sternal remotor muscle
FBbt:00003313	pleural remotor muscle cell	FBbt:00058836	pleural remotor muscle
FBbt:00003314	rotator muscle cell	FBbt:00058837	rotator muscle
FBbt:00003315	anterior rotator muscle cell	FBbt:00058838	anterior rotator muscle
FBbt:00003316	posterior rotator muscle cell	FBbt:00058839	posterior rotator muscle
FBbt:00003317	adductor muscle cell	FBbt:00058840	adductor muscle
FBbt:00003318	somatic muscle cell of leg	FBbt:00058841	somatic muscle of leg
FBbt:00003319	depressor muscle cell	FBbt:00058842	depressor muscle
FBbt:00003320	extracoxal depressor muscle cell	FBbt:00058843	extracoxal depressor muscle
FBbt:00003321	intracoxal depressor muscle cell	FBbt:00058844	intracoxal depressor muscle
FBbt:00003322	tibial depressor muscle cell	FBbt:00058845	tibial depressor muscle
FBbt:00003323	tarsal depressor muscle cell	FBbt:00058846	tarsal depressor muscle
FBbt:00003324	pretarsal depressor muscle cell	FBbt:00058847	pretarsal depressor muscle
FBbt:00003325	levator muscle cell	FBbt:00058848	levator muscle
FBbt:00003326	intracoxal levator muscle cell	FBbt:00058849	intracoxal levator muscle
FBbt:00003327	intracoxal lateral levator muscle cell	FBbt:00058850	intracoxal lateral levator muscle
FBbt:00003328	intracoxal mesal levator muscle cell	FBbt:00058851	intracoxal mesal levator muscle
FBbt:00003329	tibial levator muscle cell	FBbt:00058852	tibial levator muscle
FBbt:00003330	tarsal levator muscle cell	FBbt:00058853	tarsal levator muscle
FBbt:00003331	reductor muscle cell	FBbt:00058854	reductor muscle
FBbt:00003332	femoral reductor muscle cell	FBbt:00058855	femoral reductor muscle
FBbt:00003334	somatic muscle cell of prothorax	FBbt:00058856	somatic muscle of prothorax
FBbt:00003335	prothoracic promotor muscle cell	FBbt:00058857	prothoracic promotor muscle
FBbt:00003336	muscle cell of prothoracic tergopleural promotor muscle 28	FBbt:00058858	prothoracic tergopleural promotor muscle 28
FBbt:00003337	muscle cell of a prothoracic pleural remotor and abductor muscle 29	FBbt:00058859	prothoracic pleural remotor and abductor muscle 29
FBbt:00003338	muscle cell of prothoracic pleural promotor muscle 30	FBbt:00058860	prothoracic pleural promotor muscle 30
FBbt:00003339	prothoracic sternal muscle cell	FBbt:00058861	prothoracic sternal muscle
FBbt:00003340	muscle cell of prothoracic sternal anterior rotator muscle 31	FBbt:00058862	prothoracic sternal anterior rotator muscle 31
FBbt:00003341	muscle cell of prothoracic sternal posterior rotator muscle 32	FBbt:00058863	prothoracic sternal posterior rotator muscle 32
FBbt:00003342	muscle cell of prothoracic sternal adductor muscle 33	FBbt:00058864	prothoracic sternal adductor muscle 33
FBbt:00003343	somatic muscle cell of prothoracic leg	FBbt:00058865	somatic muscle of prothoracic leg
FBbt:00003344	prothoracic depressor muscle cell	FBbt:00058866	prothoracic depressor muscle
FBbt:00003345	muscle cell of prothoracic extracoxal depressor muscle 34	FBbt:00058867	prothoracic extracoxal depressor muscle 34
FBbt:00003346	muscle cell of prothoracic intracoxal depressor muscle 35	FBbt:00058868	prothoracic intracoxal depressor muscle 35
FBbt:00003347	prothoracic tibial depressor muscle cell	FBbt:00058869	prothoracic tibial depressor muscle
FBbt:00003348	muscle cell of prothoracic tibial depressor muscle 40	FBbt:00058870	prothoracic tibial depressor muscle 40
FBbt:00003349	prothoracic tibial reductor muscle cell	FBbt:00058871	prothoracic tibial reductor muscle
FBbt:00003350	muscle cell of prothoracic tarsal depressor muscle 43	FBbt:00058872	prothoracic tarsal depressor muscle 43
FBbt:00003352	prothoracic levator muscle cell	FBbt:00058873	prothoracic levator muscle
FBbt:00003353	muscle cell of prothoracic intracoxal lateral levator muscle 36	FBbt:00058874	prothoracic intracoxal lateral levator muscle 36
FBbt:00003354	muscle cell of prothoracic intracoxal mesal levator muscle 37	FBbt:00058875	prothoracic intracoxal mesal levator muscle 37
FBbt:00003355	muscle cell of prothoracic tibial levator muscle 39	FBbt:00058876	prothoracic tibial levator muscle 39
FBbt:00003356	muscle cell of prothoracic tarsal levator muscle 42	FBbt:00058877	prothoracic tarsal levator muscle 42
FBbt:00003357	prothoracic reductor muscle cell	FBbt:00058878	prothoracic reductor muscle
FBbt:00003358	muscle cell of prothoracic femoral reductor muscle 38	FBbt:00058879	prothoracic femoral reductor muscle 38
FBbt:00003359	somatic muscle cell of mesothorax	FBbt:00058880	somatic muscle of mesothorax
FBbt:00003360	flight muscle cell	FBbt:00058881	flight muscle
FBbt:00003361	indirect flight muscle cell	FBbt:00058882	indirect flight muscle
FBbt:00003362	dorsal longitudinal indirect flight muscle cell	FBbt:00058883	dorsal longitudinal indirect flight muscle
FBbt:00003363	muscle cell of dorsal longitudinal indirect flight muscle 45a	FBbt:00058884	dorsal longitudinal indirect flight muscle 45a
FBbt:00003364	muscle cell of dorsal longitudinal indirect flight muscle 45b	FBbt:00058885	dorsal longitudinal indirect flight muscle 45b
FBbt:00003365	muscle cell of dorsal longitudinal indirect flight muscle 45c	FBbt:00058886	dorsal longitudinal indirect flight muscle 45c
FBbt:00003366	muscle cell of dorsal longitudinal indirect flight muscle 45d	FBbt:00058887	dorsal longitudinal indirect flight muscle 45d
FBbt:00003367	muscle cell of dorsal longitudinal indirect flight muscle 45e	FBbt:00058888	dorsal longitudinal indirect flight muscle 45e
FBbt:00003368	muscle cell of dorsal longitudinal indirect flight muscle 45f	FBbt:00058889	dorsal longitudinal indirect flight muscle 45f
FBbt:00003369	lateral oblique dorsal muscle cell	FBbt:00058890	lateral oblique dorsal muscle
FBbt:00003370	muscle cell of lateral oblique dorsal muscle 46a	FBbt:00058891	lateral oblique dorsal muscle 46a
FBbt:00003371	muscle cell of lateral oblique dorsal muscle 46b	FBbt:00058892	lateral oblique dorsal muscle 46b
FBbt:00003372	tergosternal muscle cell	FBbt:00058893	tergosternal muscle
FBbt:00003373	muscle cell of tergosternal muscle 47a	FBbt:00058894	tergosternal muscle 47a
FBbt:00003374	muscle cell of tergosternal muscle 47b	FBbt:00058895	tergosternal muscle 47b
FBbt:00003375	muscle cell of tergosternal muscle 47c	FBbt:00058896	tergosternal muscle 47c
FBbt:00003376	coxal tergal remotor muscle cell	FBbt:00058897	coxal tergal remotor muscle
FBbt:00003377	muscle cell of coxal tergal remotor muscle 48a	FBbt:00058898	coxal tergal remotor muscle 48a
FBbt:00003378	muscle cell of coxal tergal remotor muscle 48b	FBbt:00058899	coxal tergal remotor muscle 48b
FBbt:00003379	direct flight muscle cell	FBbt:00058900	direct flight muscle
FBbt:00003386	tergopleural muscle cell	FBbt:00058907	tergopleural muscle
FBbt:00003392	muscle cell of subalar muscle 57	FBbt:00058913	subalar muscle 57
FBbt:00003393	mesothoracic pleurosternal muscle cell	FBbt:00058914	mesothoracic pleurosternal muscle
FBbt:00003394	muscle cell of mesothoracic pleurosternal muscle 59	FBbt:00058915	mesothoracic pleurosternal muscle 59
FBbt:00003395	muscle cell of mesothoracic pleurosternal muscle 60	FBbt:00058916	mesothoracic pleurosternal muscle 60
FBbt:00003396	muscle cell of mesothoracic lateral intrasegmental muscle 61	FBbt:00058917	mesothoracic lateral intrasegmental muscle 61
FBbt:00003397	muscle cell of mesothoracic ventral longitudinal muscle 62	FBbt:00058918	mesothoracic ventral longitudinal muscle 62
FBbt:00003398	muscle cell of mesothoracic pleural remotor muscle 63	FBbt:00058919	mesothoracic pleural remotor muscle 63
FBbt:00003399	muscle cell of mesothoracic sternal remotor muscle 65	FBbt:00058920	mesothoracic sternal remotor muscle 65
FBbt:00003400	muscle cell of mesothoracic sternal promotor muscle 64	FBbt:00058921	mesothoracic sternal promotor muscle 64
FBbt:00003401	muscle cell of mesothoracic spiracle occlusor muscle 76	FBbt:00058922	mesothoracic spiracle occlusor muscle 76
FBbt:00003402	somatic muscle cell of mesothoracic leg	FBbt:00058923	somatic muscle of mesothoracic leg
FBbt:00003403	mesothoracic depressor muscle cell	FBbt:00058924	mesothoracic depressor muscle
FBbt:00003404	tergotrochanter muscle cell	FBbt:00058925	tergotrochanter muscle
FBbt:00003405	muscle cell of mesothoracic intracoxal depressor muscle 67	FBbt:00058926	mesothoracic intracoxal depressor muscle 67
FBbt:00003406	mesothoracic tibial depressor muscle cell	FBbt:00058927	mesothoracic tibial depressor muscle
FBbt:00003407	muscle cell of mesothoracic tibial depressor muscle 71	FBbt:00058928	mesothoracic tibial depressor muscle 71
FBbt:00003408	mesothoracic tibial reductor muscle cell	FBbt:00058929	mesothoracic tibial reductor muscle
FBbt:00003409	muscle cell of mesothoracic tarsal depressor muscle 74	FBbt:00058930	mesothoracic tarsal depressor muscle 74
FBbt:00003411	mesothoracic levator muscle cell	FBbt:00058931	mesothoracic levator muscle
FBbt:00003412	muscle cell of mesothoracic intracoxal levator muscle 68	FBbt:00058932	mesothoracic intracoxal levator muscle 68
FBbt:00003413	muscle cell of mesothoracic tibial levator muscle 70	FBbt:00058933	mesothoracic tibial levator muscle 70
FBbt:00003414	muscle cell of mesothoracic tarsal levator muscle 73	FBbt:00058934	mesothoracic tarsal levator muscle 73
FBbt:00003415	mesothoracic reductor muscle cell	FBbt:00058935	mesothoracic reductor muscle
FBbt:00003416	muscle cell of mesothoracic femoral reductor muscle 69	FBbt:00058936	mesothoracic femoral reductor muscle 69
FBbt:00003417	somatic muscle cell of metathorax	FBbt:00058937	somatic muscle of metathorax
FBbt:00003422	muscle cell of metathoracic pleurosternal muscle 79	FBbt:00058942	metathoracic pleurosternal muscle 79
FBbt:00003423	muscle cell of metathoracic lateral intersegmental muscle 80	FBbt:00058943	metathoracic lateral intersegmental muscle 80
FBbt:00003424	muscle cell of metathoracic ventral longitudinal muscle 81	FBbt:00058944	metathoracic ventral longitudinal muscle 81
FBbt:00003425	muscle cell of metathoracic pleural promotor muscle 82	FBbt:00058945	metathoracic pleural promotor muscle 82
FBbt:00003426	muscle cell of metathoracic sternal promotor muscle 84	FBbt:00058946	metathoracic sternal promotor muscle 84
FBbt:00003427	muscle cell of metathoracic pleural remotor muscle 83	FBbt:00058947	metathoracic pleural remotor muscle 83
FBbt:00003428	muscle cell of metathoracic sternal remotor muscle 85	FBbt:00058948	metathoracic sternal remotor muscle 85
FBbt:00003429	muscle cell of metathoracic spiracle occlusor muscle 97	FBbt:00058949	metathoracic spiracle occlusor muscle 97
FBbt:00003430	somatic muscle cell of metathoracic leg	FBbt:00058950	somatic muscle of metathoracic leg
FBbt:00003431	metathoracic depressor muscle cell	FBbt:00058951	metathoracic depressor muscle
FBbt:00003432	metathoracic extracoxal depressor muscle cell	FBbt:00058952	metathoracic extracoxal depressor muscle
FBbt:00003433	muscle cell of metathoracic ternal extracoxal depressor muscle 86	FBbt:00058953	metathoracic ternal extracoxal depressor muscle 86
FBbt:00003434	muscle cell of metathoracic sternal extracoxal depressor muscle 87	FBbt:00058954	metathoracic sternal extracoxal depressor muscle 87
FBbt:00003435	muscle cell of a metathoracic intracoxal depressor muscle 88	FBbt:00058955	metathoracic intracoxal depressor muscle 88
FBbt:00003436	metathoracic tibial depressor muscle cell	FBbt:00058956	metathoracic tibial depressor muscle
FBbt:00003437	muscle cell of metathoracic tibial depressor muscle 92	FBbt:00058957	metathoracic tibial depressor muscle 92
FBbt:00003438	metathoracic tibial reductor muscle cell	FBbt:00058958	metathoracic tibial reductor muscle
FBbt:00003439	muscle cell of metathoracic tarsal depressor muscle 95	FBbt:00058959	metathoracic tarsal depressor muscle 95
FBbt:00003441	metathoracic levator muscle cell	FBbt:00058960	metathoracic levator muscle
FBbt:00003442	muscle cell of metathoracic intracoxal levator muscle 89	FBbt:00058961	metathoracic intracoxal levator muscle 89
FBbt:00003443	muscle cell of metathoracic tibial levator muscle 91	FBbt:00058962	metathoracic tibial levator muscle 91
FBbt:00003444	muscle cell of metathoracic tarsal levator muscle 94	FBbt:00058963	metathoracic tarsal levator muscle 94
FBbt:00003445	metathoracic reductor muscle cell	FBbt:00058964	metathoracic reductor muscle
FBbt:00003446	muscle cell of metathoracic femoral reductor muscle 90	FBbt:00058965	metathoracic femoral reductor muscle 90
FBbt:00003447	adult somatic muscle cell of abdomen	FBbt:00058966	adult somatic muscle of abdomen
FBbt:00003448	muscle cell of abdominal 1 dorsal longitudinal muscle	FBbt:00058967	abdominal 1 dorsal longitudinal muscle
FBbt:00003450	muscle cell of abdominal 1 medial dorsal longitudinal muscle 98	FBbt:00058968	abdominal 1 medial dorsal longitudinal muscle 98
FBbt:00003451	muscle cell of abdominal 1 lateral dorsal longitudinal muscle 99	FBbt:00058969	abdominal 1 lateral dorsal longitudinal muscle 99
FBbt:00003452	muscle cell of abdominal 1 lateral dorsal longitudinal muscle 100	FBbt:00058970	abdominal 1 lateral dorsal longitudinal muscle 100
FBbt:00003453	muscle cell of abdominal 1 oblique lateral dorsal longitudinal muscle 101	FBbt:00058971	abdominal 1 oblique lateral dorsal longitudinal muscle 101
FBbt:00003454	muscle cell of abdominal 1 oblique lateral dorsal longitudinal muscle 102	FBbt:00058972	abdominal 1 oblique lateral dorsal longitudinal muscle 102
FBbt:00003455	muscle cell of abdominal 1 lateral tergosternal muscle 103	FBbt:00058973	abdominal 1 lateral tergosternal muscle 103
FBbt:00003456	muscle cell of abdominal 1 ventral longitudinal muscle 104	FBbt:00058974	abdominal 1 ventral longitudinal muscle 104
FBbt:00003457	muscle cell of abdominal 1 spiracular muscle 105	FBbt:00058975	abdominal 1 spiracular muscle 105
FBbt:00003459	muscle cell of abdominal 1 oblique sternopleural muscle	FBbt:00058976	abdominal 1 oblique sternopleural muscle
FBbt:00003460	muscle cell of abdominal 1 oblique sternopleural muscle 107	FBbt:00058977	abdominal 1 oblique sternopleural muscle 107
FBbt:00003461	muscle cell of abdominal 1 oblique sternopleural muscle 108	FBbt:00058978	abdominal 1 oblique sternopleural muscle 108
FBbt:00003462	abdominal dorsal muscle cell	FBbt:00058979	abdominal dorsal muscle
FBbt:00003463	muscle cell of abdominal 2 dorsal muscle 109	FBbt:00058980	abdominal 2 dorsal muscle 109
FBbt:00003464	muscle cell of abdominal 3 dorsal muscle 115	FBbt:00058981	abdominal 3 dorsal muscle 115
FBbt:00003465	muscle cell of abdominal 4 dorsal muscle 121	FBbt:00058982	abdominal 4 dorsal muscle 121
FBbt:00003466	muscle cell of abdominal 5 dorsal muscle 127	FBbt:00058983	abdominal 5 dorsal muscle 127
FBbt:00003467	muscle cell of abdominal 6 dorsal muscle 133	FBbt:00058984	abdominal 6 dorsal muscle 133
FBbt:00003468	muscle cell of abdominal 7 female dorsal muscle 139	FBbt:00058985	abdominal 7 female dorsal muscle 139
FBbt:00003469	muscle cell of abdominal 8 female dorsal muscle 145	FBbt:00058986	abdominal 8 female dorsal muscle 145
FBbt:00003470	muscle cell abdominal 8 female dorsal muscle 146	FBbt:00058987	abdominal 8 female dorsal muscle 146
FBbt:00003471	muscle cell of abdominal 8 female dorsal muscle 147	FBbt:00058988	abdominal 8 female dorsal muscle 147
FBbt:00003472	muscle cell of abdominal 8 female dorsal muscle 148	FBbt:00058989	abdominal 8 female dorsal muscle 148
FBbt:00003473	abdominal lateral tergosternal muscle cell	FBbt:00058990	abdominal lateral tergosternal muscle
FBbt:00003474	muscle cell of abdominal 2 lateral tergosternal muscle 110	FBbt:00058991	abdominal 2 lateral tergosternal muscle 110
FBbt:00003475	muscle cell of abdominal 3 lateral tergosternal muscle 116	FBbt:00058992	abdominal 3 lateral tergosternal muscle 116
FBbt:00003476	muscle cell of abdominal 4 lateral tergosternal muscle 122	FBbt:00058993	abdominal 4 lateral tergosternal muscle 122
FBbt:00003477	muscle cell of abdominal 5 lateral tergosternal muscle 128	FBbt:00058994	abdominal 5 lateral tergosternal muscle 128
FBbt:00003478	muscle cell of abdominal 6 lateral tergosternal muscle 134	FBbt:00058995	abdominal 6 lateral tergosternal muscle 134
FBbt:00003479	abdominal ventral muscle cell	FBbt:00058996	abdominal ventral muscle
FBbt:00003480	muscle cell of abdominal 2 ventral muscle 111	FBbt:00058997	abdominal 2 ventral muscle 111
FBbt:00003481	muscle cell of abdominal 3 ventral muscle 117	FBbt:00058998	abdominal 3 ventral muscle 117
FBbt:00003482	muscle cell of abdominal 4 ventral muscle 123	FBbt:00058999	abdominal 4 ventral muscle 123
FBbt:00003483	muscle cell of abdominal 5 ventral muscle 129	FBbt:00059000	abdominal 5 ventral muscle 129
FBbt:00003484	muscle cell of abdominal 6 ventral muscle 135	FBbt:00059001	abdominal 6 ventral muscle 135
FBbt:00003485	muscle cell of abdominal 7 female ventral muscle 142	FBbt:00059002	abdominal 7 female ventral muscle 142
FBbt:00003486	muscle cell of abdominal 8 female ventral muscle 149	FBbt:00059003	abdominal 8 female ventral muscle 149
FBbt:00003488	muscle cell of abdominal 2 spiracular muscle 112	FBbt:00059004	abdominal 2 spiracular muscle 112
FBbt:00003489	muscle cell of abdominal 3 spiracular muscle 118	FBbt:00059005	abdominal 3 spiracular muscle 118
FBbt:00003490	muscle cell of abdominal 4 spiracular muscle 124	FBbt:00059006	abdominal 4 spiracular muscle 124
FBbt:00003491	muscle cell of abdominal 5 spiracular muscle 130	FBbt:00059007	abdominal 5 spiracular muscle 130
FBbt:00003492	muscle cell of abdominal 6 spiracular muscle 136	FBbt:00059008	abdominal 6 spiracular muscle 136
FBbt:00003493	muscle cell of abdominal 7 female spiracular muscle 143	FBbt:00059009	abdominal 7 female spiracular muscle 143
FBbt:00003494	abdominal oblique dorsal muscle cell	FBbt:00059010	abdominal oblique dorsal muscle
FBbt:00003495	muscle cell of abdominal 2 oblique dorsal muscle 113	FBbt:00059011	abdominal 2 oblique dorsal muscle 113
FBbt:00003496	muscle cell of abdominal 3 oblique dorsal muscle 119	FBbt:00059012	abdominal 3 oblique dorsal muscle 119
FBbt:00003497	muscle cell of abdominal 4 oblique dorsal muscle 125	FBbt:00059013	abdominal 4 oblique dorsal muscle 125
FBbt:00003498	muscle cell of abdominal 5 oblique dorsal muscle 131	FBbt:00059014	abdominal 5 oblique dorsal muscle 131
FBbt:00003499	muscle cell of abdominal 6 oblique dorsal muscle 137	FBbt:00059015	abdominal 6 oblique dorsal muscle 137
FBbt:00003505	male abdominal muscle cell	FBbt:00059016	male abdominal muscle
FBbt:00003506	muscle cell of male abdominal 5 muscle	FBbt:00059017	male abdominal 5 muscle
FBbt:00003507	female abdominal somatic muscle cell	FBbt:00059018	female abdominal somatic muscle
FBbt:00003508	muscle cell of abdominal 7 female lateral muscle 140	FBbt:00059019	abdominal 7 female lateral muscle 140
FBbt:00003509	muscle cell of abdominal 7 female lateral muscle 141	FBbt:00059020	abdominal 7 female lateral muscle 141
FBbt:00003510	muscle cell of abdominal 7 female sternal muscle 144	FBbt:00059021	abdominal 7 female sternal muscle 144
FBbt:00003511	muscle cell of abdominal 8 female lateral ventral muscle 150	FBbt:00059022	abdominal 8 female lateral ventral muscle 150
FBbt:00003512	muscle cell of abdominal 8 female transverse ventral muscle 151	FBbt:00059023	abdominal 8 female transverse ventral muscle 151
FBbt:00003513	female rectal somatic muscle cell	FBbt:00059024	female rectal somatic muscle
FBbt:00003514	muscle cell of female dorsal rectal muscle 152	FBbt:00059025	female dorsal rectal muscle 152
FBbt:00003515	muscle cell of female ventral rectal muscle 153	FBbt:00059026	female ventral rectal muscle 153
FBbt:00003551	ejaculatory bulb muscle cell	FBbt:00059027	ejaculatory bulb muscle
FBbt:00003552	muscle cell of male genital muscle I	FBbt:00059028	male genital muscle I
FBbt:00005073	somatic muscle cell	FBbt:00058111	somatic muscle
FBbt:00005086	tubular muscle cell	FBbt:00059029	tubular muscle
FBbt:00005087	synchronous muscle cell	FBbt:00059030	synchronous muscle
FBbt:00005088	asynchronous muscle cell	FBbt:00059031	asynchronous muscle
FBbt:00005257	cardiac outflow muscle cell	FBbt:00059032	cardiac outflow muscle
FBbt:00005649	embryonic somatic muscle cell	FBbt:00059033	embryonic somatic muscle
FBbt:00005651	embryonic hypodermal muscle cell	FBbt:00059034	embryonic hypodermal muscle
FBbt:00007589	muscle cell of larval thoracic ventral intersegmental muscle 1	FBbt:00059035	larval thoracic ventral intersegmental muscle 1
FBbt:00007590	muscle cell of abdominal 8 ventral acute muscle 1	FBbt:00059036	abdominal 8 ventral acute muscle 1
FBbt:00007669	prothoracic ventral eclosion muscle cell	FBbt:00059037	prothoracic ventral eclosion muscle
FBbt:00007671	muscle cell of abdominal temporary eclosion muscle DA	FBbt:00059038	abdominal temporary eclosion muscle DA
FBbt:00007672	muscle cell of abdominal temporary eclosion muscle LL1	FBbt:00059039	abdominal temporary eclosion muscle LL1
FBbt:00007673	muscle cell of abdominal temporary eclosion muscle VL	FBbt:00059040	abdominal temporary eclosion muscle VL
FBbt:00007674	muscle cell of abdominal temporary eclosion muscle SBM	FBbt:00059041	abdominal temporary eclosion muscle SBM
FBbt:00010640	muscle cell of abdominal 1 temporary eclosion muscle DA1	FBbt:00059042	abdominal 1 temporary eclosion muscle DA1
FBbt:00010641	muscle cell of abdominal 1 temporary eclosion muscle DA2	FBbt:00059043	abdominal 1 temporary eclosion muscle DA2
FBbt:00010642	muscle cell of abdominal 1 temporary eclosion muscle DA3	FBbt:00059044	abdominal 1 temporary eclosion muscle DA3
FBbt:00010649	muscle cell abdominal 1 temporary eclosion muscle LL1	FBbt:00059045	abdominal 1 temporary eclosion muscle LL1
FBbt:00010650	muscle cell of abdominal 1 temporary eclosion muscle VL1	FBbt:00059046	abdominal 1 temporary eclosion muscle VL1
FBbt:00010652	muscle cell of abdominal 1 temporary eclosion muscle VL2	FBbt:00059047	abdominal 1 temporary eclosion muscle VL2
FBbt:00010655	muscle cell of abdominal 1 temporary eclosion muscle SBM	FBbt:00059048	abdominal 1 temporary eclosion muscle SBM
FBbt:00010685	muscle cell of abdominal 2 temporary eclosion muscle DA1	FBbt:00059049	abdominal 2 temporary eclosion muscle DA1
FBbt:00010686	muscle cell of abdominal 2 temporary eclosion muscle DA2	FBbt:00059050	abdominal 2 temporary eclosion muscle DA2
FBbt:00010687	muscle cell of abdominal 2 temporary eclosion muscle DA3	FBbt:00059051	abdominal 2 temporary eclosion muscle DA3
FBbt:00010710	muscle cell of abdominal 2 temporary eclosion muscle LL1	FBbt:00059052	abdominal 2 temporary eclosion muscle LL1
FBbt:00010712	muscle cell of abdominal 2 temporary eclosion muscle VL1	FBbt:00059053	abdominal 2 temporary eclosion muscle VL1
FBbt:00010713	muscle cell of abdominal 2 temporary eclosion muscle VL2	FBbt:00059054	abdominal 2 temporary eclosion muscle VL2
FBbt:00010716	muscle cell of abdominal 2 temporary eclosion muscle SBM	FBbt:00059055	abdominal 2 temporary eclosion muscle SBM
FBbt:00010730	muscle cell of abdominal 3 temporary eclosion muscle DA1	FBbt:00059056	abdominal 3 temporary eclosion muscle DA1
FBbt:00010732	muscle cell of abdominal 3 temporary eclosion muscle DA3	FBbt:00059057	abdominal 3 temporary eclosion muscle DA3
FBbt:00010775	muscle cell of abdominal 4 temporary eclosion muscle DA1	FBbt:00059058	abdominal 4 temporary eclosion muscle DA1
FBbt:00010777	muscle cell of abdominal 4 temporary eclosion muscle DA3	FBbt:00059059	abdominal 4 temporary eclosion muscle DA3
FBbt:00010806	muscle cell of abdominal 4 temporary eclosion muscle SBM	FBbt:00059060	abdominal 4 temporary eclosion muscle SBM
FBbt:00010820	muscle cell of abdominal 5 temporary eclosion muscle DA1	FBbt:00059061	abdominal 5 temporary eclosion muscle DA1
FBbt:00010851	muscle cell of abdominal 5 temporary eclosion muscle SBM	FBbt:00059062	abdominal 5 temporary eclosion muscle SBM
FBbt:00010896	muscle cell of abdominal 6 temporary eclosion muscle SBM	FBbt:00059063	abdominal 6 temporary eclosion muscle SBM
FBbt:00013333	spiracular occlusor muscle cell	FBbt:00059064	spiracular occlusor muscle
FBbt:00013334	occlusor muscle cell of adult abdominal spiracle	FBbt:00059065	occlusor muscle of adult abdominal spiracle
FBbt:00013335	occlusor muscle cell of adult thoracic spiracle	FBbt:00059066	occlusor muscle of adult thoracic spiracle
FBbt:00016665	temporary eclosion muscle cell	FBbt:00059067	temporary eclosion muscle
FBbt:00020761	muscle cell of abdominal 3 temporary eclosion muscle SBM	FBbt:00059068	abdominal 3 temporary eclosion muscle SBM
FBbt:00047243	dorsal ventral indirect flight muscle cell	FBbt:00059069	dorsal ventral indirect flight muscle
FBbt:00048105	muscle cell of tergopleural muscle 1	FBbt:00059072	tergopleural muscle 1
FBbt:00048106	muscle cell of tergopleural muscle 2	FBbt:00059073	tergopleural muscle 2
FBbt:00048399	muscle cell of male genital muscle III	FBbt:00059076	male genital muscle III
FBbt:00048400	muscle cell of male genital muscle IV	FBbt:00059077	male genital muscle IV
FBbt:00048401	muscle cell of male genital muscle V	FBbt:00059078	male genital muscle V
FBbt:00048402	muscle cell of male genital muscle VI	FBbt:00059079	male genital muscle VI
FBbt:00048407	male genital muscle cell	FBbt:00059080	male genital muscle
FBbt:00049181	mouth hook depressor muscle cell	FBbt:00059081	mouth hook depressor muscle
FBbt:00049182	mouth hook elevator muscle cell	FBbt:00059082	mouth hook elevator muscle
FBbt:00049188	labial retractor muscle cell	FBbt:00059083	labial retractor muscle
FBbt:00049189	dorsal protractor muscle cell	FBbt:00059084	dorsal protractor muscle
FBbt:00049190	muscle cell of dorsal protractor muscle A	FBbt:00059085	dorsal protractor muscle A
FBbt:00049191	muscle cell of dorsal protractor muscle B	FBbt:00059086	dorsal protractor muscle B
FBbt:00051177	muscle cell of proboscis muscle 2 ventral	FBbt:00059087	proboscis muscle 2 ventral
FBbt:00051178	muscle cell of proboscis muscle 12 ventral	FBbt:00059088	proboscis muscle 12 ventral
FBbt:00051179	muscle cell of proboscis muscle 11 ventral	FBbt:00059089	proboscis muscle 11 ventral
FBbt:00051195	adult pharynx muscle cell	FBbt:00059090	adult pharynx muscle
FBbt:00051196	muscle cell of proboscis muscle 3 medial fiber	FBbt:00059091	proboscis muscle 3 medial fiber
FBbt:00051197	muscle cell of proboscis muscle 3 lateral fiber	FBbt:00059092	proboscis muscle 3 lateral fiber
FBbt:00051199	rostrum muscle cell	FBbt:00059093	rostrum muscle
FBbt:00051427	larval internal muscle cell	FBbt:00059094	larval internal muscle
FBbt:00051428	larval external muscle cell	FBbt:00059095	larval external muscle
FBbt:00052675	adult retinal muscle cell	FBbt:00052672	adult retinal muscle
FBbt:00052676	adult MOT retinal muscle cell	FBbt:00052673	adult MOT retinal muscle
FBbt:00052677	adult MOS retinal muscle cell	FBbt:00052674	adult MOS retinal muscle
FBbt:00058101	trochanter reductor muscle cell	FBbt:00059096	trochanter reductor muscle
FBbt:00058102	prothoracic trochanter reductor muscle cell	FBbt:00059097	prothoracic trochanter reductor muscle
FBbt:00058103	mesothoracic trochanter reductor muscle cell	FBbt:00059098	mesothoracic trochanter reductor muscle
FBbt:00058104	metathoracic trochanter reductor muscle cell	FBbt:00059099	metathoracic trochanter reductor muscle
FBbt:00058105	femoral depressor muscle cell	FBbt:00059100	femoral depressor muscle
FBbt:00058106	prothoracic femoral depressor muscle cell	FBbt:00059101	prothoracic femoral depressor muscle
FBbt:00058107	mesothoracic femoral depressor muscle cell	FBbt:00059102	mesothoracic femoral depressor muscle
FBbt:00058108	metathoracic femoral depressor muscle cell	FBbt:00059103	metathoracic femoral depressor muscle
FBbt:00058109	tibial reductor muscle cell	FBbt:00059104	tibial reductor muscle
FBbt:00058113	tarsal reductor muscle cell	FBbt:00059105	tarsal reductor muscle
FBbt:00058114	posterior tarsal reductor muscle cell	FBbt:00059106	posterior tarsal reductor muscle
FBbt:00058115	anterior tarsal reductor muscle cell	FBbt:00059107	anterior tarsal reductor muscle
FBbt:00058116	prothoracic tarsal reductor muscle cell	FBbt:00059108	prothoracic tarsal reductor muscle
FBbt:00058117	mesothoracic tarsal reductor muscle cell	FBbt:00059109	mesothoracic tarsal reductor muscle
FBbt:00058118	metathoracic tarsal reductor muscle cell	FBbt:00059110	metathoracic tarsal reductor muscle
FBbt:00058119	prothoracic anterior tarsal reductor muscle cell	FBbt:00059111	prothoracic anterior tarsal reductor muscle
FBbt:00058120	mesothoracic anterior tarsal reductor muscle cell	FBbt:00059112	mesothoracic anterior tarsal reductor muscle
FBbt:00058121	metathoracic tarsal anterior reductor muscle cell	FBbt:00059113	metathoracic tarsal anterior reductor muscle
FBbt:00058122	prothoracic posterior tarsal reductor muscle cell	FBbt:00059114	prothoracic posterior tarsal reductor muscle
FBbt:00058123	mesothoracic posterior tarsal reductor muscle cell	FBbt:00059115	mesothoracic posterior tarsal reductor muscle
FBbt:00058124	metathoracic posterior tarsal reductor muscle cell	FBbt:00059116	metathoracic posterior tarsal reductor muscle
FBbt:00058125	femoral pretarsal depressor muscle cell	FBbt:00059117	femoral pretarsal depressor muscle
FBbt:00058126	tibial pretarsal depressor muscle cell	FBbt:00059118	tibial pretarsal depressor muscle
FBbt:00058127	prothoracic pretarsal depressor muscle cell	FBbt:00059119	prothoracic pretarsal depressor muscle
FBbt:00058128	mesothoracic pretarsal depressor muscle cell	FBbt:00059120	mesothoracic pretarsal depressor muscle
FBbt:00058129	metathoracic pretarsal depressor muscle cell	FBbt:00059121	metathoracic pretarsal depressor muscle
FBbt:00058130	prothoracic tibial pretarsal depressor muscle cell	FBbt:00059122	prothoracic tibial pretarsal depressor muscle
FBbt:00058131	mesothoracic tibial pretarsal depressor muscle cell	FBbt:00059123	mesothoracic tibial pretarsal depressor muscle
FBbt:00058132	metathoracic tibial pretarsal depressor muscle cell	FBbt:00059124	metathoracic tibial pretarsal depressor muscle
FBbt:00058133	prothoracic femoral pretarsal depressor muscle cell	FBbt:00059125	prothoracic femoral pretarsal depressor muscle
FBbt:00058134	mesothoracic femoral pretarsal depressor muscle cell	FBbt:00059126	mesothoracic femoral pretarsal depressor muscle
FBbt:00058135	metathoracic femoral pretarsal depressor muscle cell	FBbt:00059127	metathoracic femoral pretarsal depressor muscle
FBbt:00110213	SN innervated muscle cell of A1-7	FBbt:00059128	SN innervated muscle of A1-7
FBbt:00110215	ISN innervated muscle cell of A1-7	FBbt:00059129	ISN innervated muscle of A1-7
FBbt:00110221	muscle cell of dorsal acute muscle 1	FBbt:00059130	dorsal acute muscle 1
FBbt:00110222	muscle cell of dorsal acute muscle 2	FBbt:00059131	dorsal acute muscle 2
FBbt:00110226	muscle cell of dorsal oblique muscle 1	FBbt:00059132	dorsal oblique muscle 1
FBbt:00110229	muscle cell of dorsal oblique muscle 2	FBbt:00059133	dorsal oblique muscle 2
FBbt:00110232	muscle cell of dorsal acute muscle 3	FBbt:00059134	dorsal acute muscle 3
FBbt:00110236	muscle cell of dorsal oblique muscle 3	FBbt:00059135	dorsal oblique muscle 3
FBbt:00110239	muscle cell of dorsal oblique muscle 4	FBbt:00059136	dorsal oblique muscle 4
FBbt:00110244	muscle cell of ventral oblique muscle 2	FBbt:00059137	ventral oblique muscle 2
FBbt:00110246	muscle cell of ventral longitudinal muscle 3	FBbt:00059138	ventral longitudinal muscle 3
FBbt:00110247	muscle cell of ventral longitudinal muscle 4	FBbt:00059139	ventral longitudinal muscle 4
FBbt:00110249	muscle cell of ventral oblique muscle 1	FBbt:00059140	ventral oblique muscle 1
FBbt:00110253	muscle cell of ventral acute muscle 1	FBbt:00059141	ventral acute muscle 1
FBbt:00110256	muscle cell of ventral acute muscle 2	FBbt:00059142	ventral acute muscle 2
FBbt:00110262	muscle cell of lateral transverse muscle 1	FBbt:00059143	lateral transverse muscle 1
FBbt:00110265	muscle cell of lateral transverse muscle 2	FBbt:00059144	lateral transverse muscle 2
FBbt:00110268	muscle cell of lateral transverse muscle 3	FBbt:00059145	lateral transverse muscle 3
FBbt:00110271	muscle cell of lateral transverse muscle 4	FBbt:00059146	lateral transverse muscle 4
FBbt:00110280	muscle cell of ventral transverse muscle 1	FBbt:00059147	ventral transverse muscle 1
FBbt:00110283	muscle cell of ventral oblique muscle 3	FBbt:00059148	ventral oblique muscle 3
FBbt:00110293	muscle cell of ventral longitudinal muscle 2	FBbt:00059149	ventral longitudinal muscle 2
FBbt:00110299	hypodermal muscle cell of A1-7	FBbt:00059150	hypodermal muscle of A1-7
FBbt:00110301	muscle cell of ventral longitudinal muscle 1	FBbt:00059151	ventral longitudinal muscle 1
FBbt:00110303	TN innervated muscle cell of A1-7	FBbt:00059152	TN innervated muscle of A1-7
FBbt:00110926	muscle cell of male genital muscle II	FBbt:00059153	male genital muscle II
FBbt:00111048	prothoracic remotor muscle cell	FBbt:00059154	prothoracic remotor muscle
