defined_class	defined_class_label	neuroblast	neuroblast_label	stage	stage_label	clone	clone_label	nb_label	ito_lee	hartenstein	primary	secondary	reference	hartenstein_synonym_type	ito_lee_synonym_type	primary_synonym_type	secondary_synonym_type
FBbt:00047123	adult FLAa3 lineage clone	FBbt:00100556	neuroblast BAmas2	FBbt:00003004	adult	FBbt:00007683	neuroblast lineage clone	adult FLAa3 lineage clone	adult FLAa3 lineage clone	adult BAmas2 lineage clone			doi:10.1101/2023.06.27.546055|FlyBase:FBrf0223298	http://purl.obolibrary.org/obo/fbbt#HARTENSTEIN_BRAIN_LINEAGE	http://purl.obolibrary.org/obo/fbbt#ITO_LEE_BRAIN_LINEAGE	http://purl.obolibrary.org/obo/fbbt#PRIMARY_VNC_LINEAGE	http://purl.obolibrary.org/obo/fbbt#SECONDARY_VNC_LINEAGE
FBbt:00049461	adult CREa1 lineage clone	FBbt:00100551	neuroblast BAmd1	FBbt:00003004	adult	FBbt:00007683	neuroblast lineage clone	adult CREa1 lineage clone	adult CREa1 lineage clone	adult BAmd1 lineage clone			doi:10.1101/2023.06.27.546055	http://purl.obolibrary.org/obo/fbbt#HARTENSTEIN_BRAIN_LINEAGE	http://purl.obolibrary.org/obo/fbbt#ITO_LEE_BRAIN_LINEAGE	http://purl.obolibrary.org/obo/fbbt#PRIMARY_VNC_LINEAGE	http://purl.obolibrary.org/obo/fbbt#SECONDARY_VNC_LINEAGE
FBbt:00049464	adult SMPad1 lineage clone	FBbt:00049463	neuroblast SMPad1	FBbt:00003004	adult	FBbt:00007683	neuroblast lineage clone	adult SMPad1 lineage clone	adult SMPad1 lineage clone					http://purl.obolibrary.org/obo/fbbt#HARTENSTEIN_BRAIN_LINEAGE	http://purl.obolibrary.org/obo/fbbt#ITO_LEE_BRAIN_LINEAGE	http://purl.obolibrary.org/obo/fbbt#PRIMARY_VNC_LINEAGE	http://purl.obolibrary.org/obo/fbbt#SECONDARY_VNC_LINEAGE
FBbt:00050001	adult LHa2 lineage clone	FBbt:00100630	neuroblast BLVa1	FBbt:00003004	adult	FBbt:00007683	neuroblast lineage clone	adult LHa2 lineage clone	adult LHa2 lineage clone	adult BLVa1 lineage clone			FlyBase:FBrf0246460|doi:10.1101/2023.06.27.546055	http://purl.obolibrary.org/obo/fbbt#HARTENSTEIN_BRAIN_LINEAGE	http://purl.obolibrary.org/obo/fbbt#ITO_LEE_BRAIN_LINEAGE	http://purl.obolibrary.org/obo/fbbt#PRIMARY_VNC_LINEAGE	http://purl.obolibrary.org/obo/fbbt#SECONDARY_VNC_LINEAGE
FBbt:00050004	adult SLPa&l1 lineage clone	FBbt:00100619	neuroblast BLAvm	FBbt:00003004	adult	FBbt:00007683	neuroblast lineage clone	adult SLPa&l1 lineage clone	adult SLPa&l1 lineage clone	adult BLAvm lineage clone			doi:10.1101/2023.06.27.546055	http://purl.obolibrary.org/obo/fbbt#HARTENSTEIN_BRAIN_LINEAGE	http://purl.obolibrary.org/obo/fbbt#ITO_LEE_BRAIN_LINEAGE	http://purl.obolibrary.org/obo/fbbt#PRIMARY_VNC_LINEAGE	http://purl.obolibrary.org/obo/fbbt#SECONDARY_VNC_LINEAGE
FBbt:00050007	adult SLPpl3 lineage clone	FBbt:00050006	neuroblast BLVa2c	FBbt:00003004	adult	FBbt:00007683	neuroblast lineage clone	adult SLPpl3 lineage clone	adult SLPpl3 lineage clone	adult BLVa2c lineage clone			doi:10.1101/2023.06.27.546055	http://purl.obolibrary.org/obo/fbbt#HARTENSTEIN_BRAIN_LINEAGE	http://purl.obolibrary.org/obo/fbbt#ITO_LEE_BRAIN_LINEAGE	http://purl.obolibrary.org/obo/fbbt#PRIMARY_VNC_LINEAGE	http://purl.obolibrary.org/obo/fbbt#SECONDARY_VNC_LINEAGE
FBbt:00050013	adult VPNl&d1 lineage clone	FBbt:00050012	neuroblast BLAl2	FBbt:00003004	adult	FBbt:00007683	neuroblast lineage clone	adult VPNl&d1 lineage clone	adult VPNl&d1 lineage clone	adult BLAl2 lineage clone			doi:10.1101/2023.06.27.546055	http://purl.obolibrary.org/obo/fbbt#HARTENSTEIN_BRAIN_LINEAGE	http://purl.obolibrary.org/obo/fbbt#ITO_LEE_BRAIN_LINEAGE	http://purl.obolibrary.org/obo/fbbt#PRIMARY_VNC_LINEAGE	http://purl.obolibrary.org/obo/fbbt#SECONDARY_VNC_LINEAGE
FBbt:00050016	adult WEDa2 lineage clone	FBbt:00100565	neuroblast BAlp3	FBbt:00003004	adult	FBbt:00007683	neuroblast lineage clone	adult WEDa2 lineage clone	adult WEDa2 lineage clone	adult BAlp3 lineage clone			FlyBase:FBrf0246460|doi:10.1101/2023.06.27.546055	http://purl.obolibrary.org/obo/fbbt#HARTENSTEIN_BRAIN_LINEAGE	http://purl.obolibrary.org/obo/fbbt#ITO_LEE_BRAIN_LINEAGE	http://purl.obolibrary.org/obo/fbbt#PRIMARY_VNC_LINEAGE	http://purl.obolibrary.org/obo/fbbt#SECONDARY_VNC_LINEAGE
FBbt:00050019	adult DM1 lineage clone	FBbt:00050018	neuroblast DPMm1	FBbt:00003004	adult	FBbt:00007683	neuroblast lineage clone	adult DM1 lineage clone	adult DM1 lineage clone	adult DPMm1 lineage clone			FlyBase:FBrf0246460|doi:10.1101/2023.06.27.546055|FlyBase:FBrf0214495|FlyBase:FBrf0223298	http://purl.obolibrary.org/obo/fbbt#HARTENSTEIN_BRAIN_LINEAGE	http://purl.obolibrary.org/obo/fbbt#ITO_LEE_BRAIN_LINEAGE	http://purl.obolibrary.org/obo/fbbt#PRIMARY_VNC_LINEAGE	http://purl.obolibrary.org/obo/fbbt#SECONDARY_VNC_LINEAGE
FBbt:00050022	adult SMPpd1 lineage clone	FBbt:00100595	neuroblast DPLc1	FBbt:00003004	adult	FBbt:00007683	neuroblast lineage clone	adult SMPpd1 lineage clone	adult SMPpd1 lineage clone	adult DPLc1 lineage clone			doi:10.1101/2023.06.27.546055	http://purl.obolibrary.org/obo/fbbt#HARTENSTEIN_BRAIN_LINEAGE	http://purl.obolibrary.org/obo/fbbt#ITO_LEE_BRAIN_LINEAGE	http://purl.obolibrary.org/obo/fbbt#PRIMARY_VNC_LINEAGE	http://purl.obolibrary.org/obo/fbbt#SECONDARY_VNC_LINEAGE
FBbt:00050024	adult ALl1 lineage clone	FBbt:00067347	neuroblast BAlc	FBbt:00003004	adult	FBbt:00007683	neuroblast lineage clone	adult ALl1 lineage clone	adult ALl1 lineage clone	adult BAlc lineage clone			FlyBase:FBrf0246460|doi:10.1101/2023.06.27.546055	http://purl.obolibrary.org/obo/fbbt#HARTENSTEIN_BRAIN_LINEAGE	http://purl.obolibrary.org/obo/fbbt#ITO_LEE_BRAIN_LINEAGE	http://purl.obolibrary.org/obo/fbbt#PRIMARY_VNC_LINEAGE	http://purl.obolibrary.org/obo/fbbt#SECONDARY_VNC_LINEAGE
FBbt:00050027	adult LHa1 lineage clone	FBbt:00100614	neuroblast BLAd1	FBbt:00003004	adult	FBbt:00007683	neuroblast lineage clone	adult LHa1 lineage clone	adult LHa1 lineage clone	adult BLAd1 lineage clone			FlyBase:FBrf0246460|doi:10.1101/2023.06.27.546055	http://purl.obolibrary.org/obo/fbbt#HARTENSTEIN_BRAIN_LINEAGE	http://purl.obolibrary.org/obo/fbbt#ITO_LEE_BRAIN_LINEAGE	http://purl.obolibrary.org/obo/fbbt#PRIMARY_VNC_LINEAGE	http://purl.obolibrary.org/obo/fbbt#SECONDARY_VNC_LINEAGE
FBbt:00050030	adult SMPpv1 lineage clone	FBbt:00100577	neuroblast DPMpl1	FBbt:00003004	adult	FBbt:00007683	neuroblast lineage clone	adult SMPpv1 lineage clone	adult SMPpv1 lineage clone	adult DPMpl1 lineage clone			doi:10.1101/2023.06.27.546055	http://purl.obolibrary.org/obo/fbbt#HARTENSTEIN_BRAIN_LINEAGE	http://purl.obolibrary.org/obo/fbbt#ITO_LEE_BRAIN_LINEAGE	http://purl.obolibrary.org/obo/fbbt#PRIMARY_VNC_LINEAGE	http://purl.obolibrary.org/obo/fbbt#SECONDARY_VNC_LINEAGE
FBbt:00050033	adult LHl2 lineage clone	FBbt:00100592	neuroblast DPLal2	FBbt:00003004	adult	FBbt:00007683	neuroblast lineage clone	adult LHl2 lineage clone	adult LHl2 lineage clone	adult DPLal2 lineage clone			FlyBase:FBrf0246460|doi:10.1101/2023.06.27.546055	http://purl.obolibrary.org/obo/fbbt#HARTENSTEIN_BRAIN_LINEAGE	http://purl.obolibrary.org/obo/fbbt#ITO_LEE_BRAIN_LINEAGE	http://purl.obolibrary.org/obo/fbbt#PRIMARY_VNC_LINEAGE	http://purl.obolibrary.org/obo/fbbt#SECONDARY_VNC_LINEAGE
FBbt:00050036	adult ALv2 lineage clone	FBbt:00050035	neuroblast BAla2	FBbt:00003004	adult	FBbt:00007683	neuroblast lineage clone	adult ALv2 lineage clone	adult ALv2 lineage clone	adult BAla2 lineage clone			doi:10.1101/2023.06.27.546055	http://purl.obolibrary.org/obo/fbbt#HARTENSTEIN_BRAIN_LINEAGE	http://purl.obolibrary.org/obo/fbbt#ITO_LEE_BRAIN_LINEAGE	http://purl.obolibrary.org/obo/fbbt#PRIMARY_VNC_LINEAGE	http://purl.obolibrary.org/obo/fbbt#SECONDARY_VNC_LINEAGE
FBbt:00050039	adult ALlv1 lineage clone	FBbt:00050038	neuroblast BAlp4	FBbt:00003004	adult	FBbt:00007683	neuroblast lineage clone	adult ALlv1 lineage clone	adult ALlv1 lineage clone	adult BAlp4 lineage clone			FlyBase:FBrf0246460|doi:10.1101/2023.06.27.546055	http://purl.obolibrary.org/obo/fbbt#HARTENSTEIN_BRAIN_LINEAGE	http://purl.obolibrary.org/obo/fbbt#ITO_LEE_BRAIN_LINEAGE	http://purl.obolibrary.org/obo/fbbt#PRIMARY_VNC_LINEAGE	http://purl.obolibrary.org/obo/fbbt#SECONDARY_VNC_LINEAGE
FBbt:00050045	adult SLPpm1 lineage clone	FBbt:00100605	neuroblast DPLm1	FBbt:00003004	adult	FBbt:00007683	neuroblast lineage clone	adult SLPpm1 lineage clone	adult SLPpm1 lineage clone	adult DPLm1 lineage clone			doi:10.1101/2023.06.27.546055	http://purl.obolibrary.org/obo/fbbt#HARTENSTEIN_BRAIN_LINEAGE	http://purl.obolibrary.org/obo/fbbt#ITO_LEE_BRAIN_LINEAGE	http://purl.obolibrary.org/obo/fbbt#PRIMARY_VNC_LINEAGE	http://purl.obolibrary.org/obo/fbbt#SECONDARY_VNC_LINEAGE
FBbt:00050048	adult LHl1 lineage clone	FBbt:00100623	neuroblast BLD4	FBbt:00003004	adult	FBbt:00007683	neuroblast lineage clone	adult LHl1 lineage clone	adult LHl1 lineage clone	adult BLD4 lineage clone			FlyBase:FBrf0246460|doi:10.1101/2023.06.27.546055	http://purl.obolibrary.org/obo/fbbt#HARTENSTEIN_BRAIN_LINEAGE	http://purl.obolibrary.org/obo/fbbt#ITO_LEE_BRAIN_LINEAGE	http://purl.obolibrary.org/obo/fbbt#PRIMARY_VNC_LINEAGE	http://purl.obolibrary.org/obo/fbbt#SECONDARY_VNC_LINEAGE
FBbt:00050051	adult VESa2 lineage clone	FBbt:00100563	neuroblast BAlp1	FBbt:00003004	adult	FBbt:00007683	neuroblast lineage clone	adult VESa2 lineage clone	adult VESa2 lineage clone	adult BAlp1 lineage clone			doi:10.1101/2023.06.27.546055	http://purl.obolibrary.org/obo/fbbt#HARTENSTEIN_BRAIN_LINEAGE	http://purl.obolibrary.org/obo/fbbt#ITO_LEE_BRAIN_LINEAGE	http://purl.obolibrary.org/obo/fbbt#PRIMARY_VNC_LINEAGE	http://purl.obolibrary.org/obo/fbbt#SECONDARY_VNC_LINEAGE
FBbt:00050054	adult CLp2 lineage clone	FBbt:00100611	neuroblast CP4	FBbt:00003004	adult	FBbt:00007683	neuroblast lineage clone	adult CLp2 lineage clone	adult CLp2 lineage clone	adult CP4 lineage clone			doi:10.1101/2023.06.27.546055	http://purl.obolibrary.org/obo/fbbt#HARTENSTEIN_BRAIN_LINEAGE	http://purl.obolibrary.org/obo/fbbt#ITO_LEE_BRAIN_LINEAGE	http://purl.obolibrary.org/obo/fbbt#PRIMARY_VNC_LINEAGE	http://purl.obolibrary.org/obo/fbbt#SECONDARY_VNC_LINEAGE
FBbt:00050057	adult SLPav3 lineage clone	FBbt:00050056	neuroblast BLVa2a	FBbt:00003004	adult	FBbt:00007683	neuroblast lineage clone	adult SLPav3 lineage clone	adult SLPav3 lineage clone	adult BLVa2a lineage clone			doi:10.1101/2023.06.27.546055	http://purl.obolibrary.org/obo/fbbt#HARTENSTEIN_BRAIN_LINEAGE	http://purl.obolibrary.org/obo/fbbt#ITO_LEE_BRAIN_LINEAGE	http://purl.obolibrary.org/obo/fbbt#PRIMARY_VNC_LINEAGE	http://purl.obolibrary.org/obo/fbbt#SECONDARY_VNC_LINEAGE
FBbt:00050060	adult DM5 lineage clone	FBbt:00050059	neuroblast CM1	FBbt:00003004	adult	FBbt:00007683	neuroblast lineage clone	adult DM5 lineage clone	adult DM5 lineage clone	adult CM1 lineage clone			doi:10.1101/2023.06.27.546055|FlyBase:FBrf0223298	http://purl.obolibrary.org/obo/fbbt#HARTENSTEIN_BRAIN_LINEAGE	http://purl.obolibrary.org/obo/fbbt#ITO_LEE_BRAIN_LINEAGE	http://purl.obolibrary.org/obo/fbbt#PRIMARY_VNC_LINEAGE	http://purl.obolibrary.org/obo/fbbt#SECONDARY_VNC_LINEAGE
FBbt:00050063	adult AOTUv4 lineage clone	FBbt:00100546	neuroblast DALcl2	FBbt:00003004	adult	FBbt:00007683	neuroblast lineage clone	adult AOTUv4 lineage clone	adult AOTUv4 lineage clone	adult DALcl2 lineage clone			doi:10.1101/2023.06.27.546055|FlyBase:FBrf0240929	http://purl.obolibrary.org/obo/fbbt#HARTENSTEIN_BRAIN_LINEAGE	http://purl.obolibrary.org/obo/fbbt#ITO_LEE_BRAIN_LINEAGE	http://purl.obolibrary.org/obo/fbbt#PRIMARY_VNC_LINEAGE	http://purl.obolibrary.org/obo/fbbt#SECONDARY_VNC_LINEAGE
FBbt:00050066	adult VLPl&p1 lineage clone	FBbt:00049157	neuroblast BLVp2	FBbt:00003004	adult	FBbt:00007683	neuroblast lineage clone	adult VLPl&p1 lineage clone	adult VLPl&p1 lineage clone	adult BLVp2 lineage clone			doi:10.1101/2023.06.27.546055	http://purl.obolibrary.org/obo/fbbt#HARTENSTEIN_BRAIN_LINEAGE	http://purl.obolibrary.org/obo/fbbt#ITO_LEE_BRAIN_LINEAGE	http://purl.obolibrary.org/obo/fbbt#PRIMARY_VNC_LINEAGE	http://purl.obolibrary.org/obo/fbbt#SECONDARY_VNC_LINEAGE
FBbt:00050069	adult SLPpl2 lineage clone	FBbt:00050068	neuroblast CP6	FBbt:00003004	adult	FBbt:00007683	neuroblast lineage clone	adult SLPpl2 lineage clone	adult SLPpl2 lineage clone	adult CP6 lineage clone			doi:10.1101/2023.06.27.546055	http://purl.obolibrary.org/obo/fbbt#HARTENSTEIN_BRAIN_LINEAGE	http://purl.obolibrary.org/obo/fbbt#ITO_LEE_BRAIN_LINEAGE	http://purl.obolibrary.org/obo/fbbt#PRIMARY_VNC_LINEAGE	http://purl.obolibrary.org/obo/fbbt#SECONDARY_VNC_LINEAGE
FBbt:00050072	adult WEDd2 lineage clone	FBbt:00100735	neuroblast BAmd2	FBbt:00003004	adult	FBbt:00007683	neuroblast lineage clone	adult WEDd2 lineage clone	adult WEDd2 lineage clone	adult BAmd2 lineage clone			doi:10.1101/2023.06.27.546055|FlyBase:FBrf0223298	http://purl.obolibrary.org/obo/fbbt#HARTENSTEIN_BRAIN_LINEAGE	http://purl.obolibrary.org/obo/fbbt#ITO_LEE_BRAIN_LINEAGE	http://purl.obolibrary.org/obo/fbbt#PRIMARY_VNC_LINEAGE	http://purl.obolibrary.org/obo/fbbt#SECONDARY_VNC_LINEAGE
FBbt:00050075	adult VLPl&d1 lineage clone	FBbt:00100612	neuroblast BLAv1	FBbt:00003004	adult	FBbt:00007683	neuroblast lineage clone	adult VLPl&d1 lineage clone	adult VLPl&d1 lineage clone	adult BLAv1 lineage clone			doi:10.1101/2023.06.27.546055|FlyBase:FBrf0223298	http://purl.obolibrary.org/obo/fbbt#HARTENSTEIN_BRAIN_LINEAGE	http://purl.obolibrary.org/obo/fbbt#ITO_LEE_BRAIN_LINEAGE	http://purl.obolibrary.org/obo/fbbt#PRIMARY_VNC_LINEAGE	http://purl.obolibrary.org/obo/fbbt#SECONDARY_VNC_LINEAGE
FBbt:00050078	adult SIPp1 lineage clone	FBbt:00100578	neuroblast DPMpl2	FBbt:00003004	adult	FBbt:00007683	neuroblast lineage clone	adult SIPp1 lineage clone	adult SIPp1 lineage clone	adult DPMpl2 lineage clone			doi:10.1101/2023.06.27.546055	http://purl.obolibrary.org/obo/fbbt#HARTENSTEIN_BRAIN_LINEAGE	http://purl.obolibrary.org/obo/fbbt#ITO_LEE_BRAIN_LINEAGE	http://purl.obolibrary.org/obo/fbbt#PRIMARY_VNC_LINEAGE	http://purl.obolibrary.org/obo/fbbt#SECONDARY_VNC_LINEAGE
FBbt:00050081	adult LHp1 lineage clone	FBbt:00100628	neuroblast BLP4	FBbt:00003004	adult	FBbt:00007683	neuroblast lineage clone	adult LHp1 lineage clone	adult LHp1 lineage clone	adult BLP4 lineage clone			FlyBase:FBrf0246460|doi:10.1101/2023.06.27.546055	http://purl.obolibrary.org/obo/fbbt#HARTENSTEIN_BRAIN_LINEAGE	http://purl.obolibrary.org/obo/fbbt#ITO_LEE_BRAIN_LINEAGE	http://purl.obolibrary.org/obo/fbbt#PRIMARY_VNC_LINEAGE	http://purl.obolibrary.org/obo/fbbt#SECONDARY_VNC_LINEAGE
FBbt:00050084	adult DL2 lineage clone	FBbt:00100610	neuroblast CP3	FBbt:00003004	adult	FBbt:00007683	neuroblast lineage clone	adult DL2 lineage clone	adult DL2 lineage clone	adult CP3 lineage clone			FlyBase:FBrf0246460|doi:10.1101/2023.06.27.546055|FlyBase:FBrf0223298	http://purl.obolibrary.org/obo/fbbt#HARTENSTEIN_BRAIN_LINEAGE	http://purl.obolibrary.org/obo/fbbt#ITO_LEE_BRAIN_LINEAGE	http://purl.obolibrary.org/obo/fbbt#PRIMARY_VNC_LINEAGE	http://purl.obolibrary.org/obo/fbbt#SECONDARY_VNC_LINEAGE
FBbt:00050087	adult WEDa1 lineage clone	FBbt:00100566	neuroblast BAlv	FBbt:00003004	adult	FBbt:00007683	neuroblast lineage clone	adult WEDa1 lineage clone	adult WEDa1 lineage clone	adult BAlv lineage clone			doi:10.1101/2023.06.27.546055	http://purl.obolibrary.org/obo/fbbt#HARTENSTEIN_BRAIN_LINEAGE	http://purl.obolibrary.org/obo/fbbt#ITO_LEE_BRAIN_LINEAGE	http://purl.obolibrary.org/obo/fbbt#PRIMARY_VNC_LINEAGE	http://purl.obolibrary.org/obo/fbbt#SECONDARY_VNC_LINEAGE
FBbt:00050090	adult SLPpm3 lineage clone	FBbt:00100597	neuroblast DPLc3	FBbt:00003004	adult	FBbt:00007683	neuroblast lineage clone	adult SLPpm3 lineage clone	adult SLPpm3 lineage clone	adult DPLc3 lineage clone			FlyBase:FBrf0246460|doi:10.1101/2023.06.27.546055	http://purl.obolibrary.org/obo/fbbt#HARTENSTEIN_BRAIN_LINEAGE	http://purl.obolibrary.org/obo/fbbt#ITO_LEE_BRAIN_LINEAGE	http://purl.obolibrary.org/obo/fbbt#PRIMARY_VNC_LINEAGE	http://purl.obolibrary.org/obo/fbbt#SECONDARY_VNC_LINEAGE
FBbt:00050093	adult PSp3 lineage clone	FBbt:00100586	neuroblast DPMl1	FBbt:00003004	adult	FBbt:00007683	neuroblast lineage clone	adult PSp3 lineage clone	adult PSp3 lineage clone	adult DPMl1 lineage clone			doi:10.1101/2023.06.27.546055	http://purl.obolibrary.org/obo/fbbt#HARTENSTEIN_BRAIN_LINEAGE	http://purl.obolibrary.org/obo/fbbt#ITO_LEE_BRAIN_LINEAGE	http://purl.obolibrary.org/obo/fbbt#PRIMARY_VNC_LINEAGE	http://purl.obolibrary.org/obo/fbbt#SECONDARY_VNC_LINEAGE
FBbt:00050095	adult ALad1 lineage clone	FBbt:00067346	neuroblast BAmv3	FBbt:00003004	adult	FBbt:00007683	neuroblast lineage clone	adult ALad1 lineage clone	adult ALad1 lineage clone	adult BAmv3 lineage clone			FlyBase:FBrf0246460|doi:10.1101/2023.06.27.546055	http://purl.obolibrary.org/obo/fbbt#HARTENSTEIN_BRAIN_LINEAGE	http://purl.obolibrary.org/obo/fbbt#ITO_LEE_BRAIN_LINEAGE	http://purl.obolibrary.org/obo/fbbt#PRIMARY_VNC_LINEAGE	http://purl.obolibrary.org/obo/fbbt#SECONDARY_VNC_LINEAGE
FBbt:00050098	adult LHd1 lineage clone	FBbt:00100594	neuroblast DPLd	FBbt:00003004	adult	FBbt:00007683	neuroblast lineage clone	adult LHd1 lineage clone	adult LHd1 lineage clone	adult DPLd lineage clone			FlyBase:FBrf0246460|doi:10.1101/2023.06.27.546055	http://purl.obolibrary.org/obo/fbbt#HARTENSTEIN_BRAIN_LINEAGE	http://purl.obolibrary.org/obo/fbbt#ITO_LEE_BRAIN_LINEAGE	http://purl.obolibrary.org/obo/fbbt#PRIMARY_VNC_LINEAGE	http://purl.obolibrary.org/obo/fbbt#SECONDARY_VNC_LINEAGE
FBbt:00050101	adult DM3 lineage clone	FBbt:00050100	neuroblast DPMpm2	FBbt:00003004	adult	FBbt:00007683	neuroblast lineage clone	adult DM3 lineage clone	adult DM3 lineage clone	adult DPMpm2 lineage clone			doi:10.1101/2023.06.27.546055|FlyBase:FBrf0214495|FlyBase:FBrf0223298	http://purl.obolibrary.org/obo/fbbt#HARTENSTEIN_BRAIN_LINEAGE	http://purl.obolibrary.org/obo/fbbt#ITO_LEE_BRAIN_LINEAGE	http://purl.obolibrary.org/obo/fbbt#PRIMARY_VNC_LINEAGE	http://purl.obolibrary.org/obo/fbbt#SECONDARY_VNC_LINEAGE
FBbt:00050104	adult VLPl1 lineage clone	FBbt:00050103	neuroblast VLPl1	FBbt:00003004	adult	FBbt:00007683	neuroblast lineage clone	adult VLPl1 lineage clone	adult VLPl1 lineage clone					http://purl.obolibrary.org/obo/fbbt#HARTENSTEIN_BRAIN_LINEAGE	http://purl.obolibrary.org/obo/fbbt#ITO_LEE_BRAIN_LINEAGE	http://purl.obolibrary.org/obo/fbbt#PRIMARY_VNC_LINEAGE	http://purl.obolibrary.org/obo/fbbt#SECONDARY_VNC_LINEAGE
FBbt:00050107	adult VPNd1 lineage clone	FBbt:00049153	neuroblast BLD6	FBbt:00003004	adult	FBbt:00007683	neuroblast lineage clone	adult VPNd1 lineage clone	adult VPNd1 lineage clone	adult BLD6 lineage clone			doi:10.1101/2023.06.27.546055	http://purl.obolibrary.org/obo/fbbt#HARTENSTEIN_BRAIN_LINEAGE	http://purl.obolibrary.org/obo/fbbt#ITO_LEE_BRAIN_LINEAGE	http://purl.obolibrary.org/obo/fbbt#PRIMARY_VNC_LINEAGE	http://purl.obolibrary.org/obo/fbbt#SECONDARY_VNC_LINEAGE
FBbt:00050110	adult PSa1 lineage clone	FBbt:00100553	neuroblast BAmv2	FBbt:00003004	adult	FBbt:00007683	neuroblast lineage clone	adult PSa1 lineage clone	adult PSa1 lineage clone	adult BAmv2 lineage clone			doi:10.1101/2023.06.27.546055	http://purl.obolibrary.org/obo/fbbt#HARTENSTEIN_BRAIN_LINEAGE	http://purl.obolibrary.org/obo/fbbt#ITO_LEE_BRAIN_LINEAGE	http://purl.obolibrary.org/obo/fbbt#PRIMARY_VNC_LINEAGE	http://purl.obolibrary.org/obo/fbbt#SECONDARY_VNC_LINEAGE
FBbt:00050113	adult SMPpv2 lineage clone	FBbt:00100608	neuroblast CP1	FBbt:00003004	adult	FBbt:00007683	neuroblast lineage clone	adult SMPpv2 lineage clone	adult SMPpv2 lineage clone	adult CP1 lineage clone			doi:10.1101/2023.06.27.546055	http://purl.obolibrary.org/obo/fbbt#HARTENSTEIN_BRAIN_LINEAGE	http://purl.obolibrary.org/obo/fbbt#ITO_LEE_BRAIN_LINEAGE	http://purl.obolibrary.org/obo/fbbt#PRIMARY_VNC_LINEAGE	http://purl.obolibrary.org/obo/fbbt#SECONDARY_VNC_LINEAGE
FBbt:00050116	adult LHd2 lineage clone	FBbt:00100606	neuroblast DPLm2	FBbt:00003004	adult	FBbt:00007683	neuroblast lineage clone	adult LHd2 lineage clone	adult LHd2 lineage clone	adult DPLm2 lineage clone			FlyBase:FBrf0246460|doi:10.1101/2023.06.27.546055	http://purl.obolibrary.org/obo/fbbt#HARTENSTEIN_BRAIN_LINEAGE	http://purl.obolibrary.org/obo/fbbt#ITO_LEE_BRAIN_LINEAGE	http://purl.obolibrary.org/obo/fbbt#PRIMARY_VNC_LINEAGE	http://purl.obolibrary.org/obo/fbbt#SECONDARY_VNC_LINEAGE
FBbt:00050119	adult VESa1 lineage clone	FBbt:00050118	neuroblast BAla3	FBbt:00003004	adult	FBbt:00007683	neuroblast lineage clone	adult VESa1 lineage clone	adult VESa1 lineage clone	adult BAla3 lineage clone			doi:10.1101/2023.06.27.546055	http://purl.obolibrary.org/obo/fbbt#HARTENSTEIN_BRAIN_LINEAGE	http://purl.obolibrary.org/obo/fbbt#ITO_LEE_BRAIN_LINEAGE	http://purl.obolibrary.org/obo/fbbt#PRIMARY_VNC_LINEAGE	http://purl.obolibrary.org/obo/fbbt#SECONDARY_VNC_LINEAGE
FBbt:00050122	adult DM2 lineage clone	FBbt:00050121	neuroblast DPMpm1	FBbt:00003004	adult	FBbt:00007683	neuroblast lineage clone	adult DM2 lineage clone	adult DM2 lineage clone	adult DPMpm1 lineage clone			doi:10.1101/2023.06.27.546055|FlyBase:FBrf0214495|FlyBase:FBrf0223298	http://purl.obolibrary.org/obo/fbbt#HARTENSTEIN_BRAIN_LINEAGE	http://purl.obolibrary.org/obo/fbbt#ITO_LEE_BRAIN_LINEAGE	http://purl.obolibrary.org/obo/fbbt#PRIMARY_VNC_LINEAGE	http://purl.obolibrary.org/obo/fbbt#SECONDARY_VNC_LINEAGE
FBbt:00050125	adult SLPad1 lineage clone	FBbt:00100602	neuroblast DPLl3	FBbt:00003004	adult	FBbt:00007683	neuroblast lineage clone	adult SLPad1 lineage clone	adult SLPad1 lineage clone	adult DPLl3 lineage clone			doi:10.1101/2023.06.27.546055	http://purl.obolibrary.org/obo/fbbt#HARTENSTEIN_BRAIN_LINEAGE	http://purl.obolibrary.org/obo/fbbt#ITO_LEE_BRAIN_LINEAGE	http://purl.obolibrary.org/obo/fbbt#PRIMARY_VNC_LINEAGE	http://purl.obolibrary.org/obo/fbbt#SECONDARY_VNC_LINEAGE
FBbt:00050128	adult AOTUv3 lineage clone	FBbt:00100545	neuroblast DALcl1	FBbt:00003004	adult	FBbt:00007683	neuroblast lineage clone	adult AOTUv3 lineage clone	adult AOTUv3 lineage clone	adult DALcl1 lineage clone			doi:10.1101/2023.06.27.546055|FlyBase:FBrf0223298|FlyBase:FBrf0240929	http://purl.obolibrary.org/obo/fbbt#HARTENSTEIN_BRAIN_LINEAGE	http://purl.obolibrary.org/obo/fbbt#ITO_LEE_BRAIN_LINEAGE	http://purl.obolibrary.org/obo/fbbt#PRIMARY_VNC_LINEAGE	http://purl.obolibrary.org/obo/fbbt#SECONDARY_VNC_LINEAGE
FBbt:00050131	adult VLPp&l1 lineage clone	FBbt:00049161	neuroblast DPLpv	FBbt:00003004	adult	FBbt:00007683	neuroblast lineage clone	adult VLPp&l1 lineage clone	adult VLPp&l1 lineage clone	adult DPLpv lineage clone			doi:10.1101/2023.06.27.546055	http://purl.obolibrary.org/obo/fbbt#HARTENSTEIN_BRAIN_LINEAGE	http://purl.obolibrary.org/obo/fbbt#ITO_LEE_BRAIN_LINEAGE	http://purl.obolibrary.org/obo/fbbt#PRIMARY_VNC_LINEAGE	http://purl.obolibrary.org/obo/fbbt#SECONDARY_VNC_LINEAGE
FBbt:00050134	adult VLPa2 lineage clone	FBbt:00100543	neuroblast DALv1	FBbt:00003004	adult	FBbt:00007683	neuroblast lineage clone	adult VLPa2 lineage clone	adult VLPa2 lineage clone	adult DALv1 lineage clone			doi:10.1101/2023.06.27.546055|FlyBase:FBrf0223298	http://purl.obolibrary.org/obo/fbbt#HARTENSTEIN_BRAIN_LINEAGE	http://purl.obolibrary.org/obo/fbbt#ITO_LEE_BRAIN_LINEAGE	http://purl.obolibrary.org/obo/fbbt#PRIMARY_VNC_LINEAGE	http://purl.obolibrary.org/obo/fbbt#SECONDARY_VNC_LINEAGE
FBbt:00050137	adult EBa1 lineage clone	FBbt:00050136	neuroblast DALv2	FBbt:00003004	adult	FBbt:00007683	neuroblast lineage clone	adult EBa1 lineage clone	adult EBa1 lineage clone	adult DALv2 lineage clone			doi:10.1101/2023.06.27.546055	http://purl.obolibrary.org/obo/fbbt#HARTENSTEIN_BRAIN_LINEAGE	http://purl.obolibrary.org/obo/fbbt#ITO_LEE_BRAIN_LINEAGE	http://purl.obolibrary.org/obo/fbbt#PRIMARY_VNC_LINEAGE	http://purl.obolibrary.org/obo/fbbt#SECONDARY_VNC_LINEAGE
FBbt:00050140	adult LHp2 lineage clone	FBbt:00100603	neuroblast DPLp1	FBbt:00003004	adult	FBbt:00007683	neuroblast lineage clone	adult LHp2 lineage clone	adult LHp2 lineage clone	adult DPLp1 lineage clone			FlyBase:FBrf0246460|doi:10.1101/2023.06.27.546055	http://purl.obolibrary.org/obo/fbbt#HARTENSTEIN_BRAIN_LINEAGE	http://purl.obolibrary.org/obo/fbbt#ITO_LEE_BRAIN_LINEAGE	http://purl.obolibrary.org/obo/fbbt#PRIMARY_VNC_LINEAGE	http://purl.obolibrary.org/obo/fbbt#SECONDARY_VNC_LINEAGE
FBbt:00050143	adult DM6 lineage clone	FBbt:00050142	neuroblast CM3	FBbt:00003004	adult	FBbt:00007683	neuroblast lineage clone	adult DM6 lineage clone	adult DM6 lineage clone	adult CM3 lineage clone			doi:10.1101/2023.06.27.546055|FlyBase:FBrf0223298	http://purl.obolibrary.org/obo/fbbt#HARTENSTEIN_BRAIN_LINEAGE	http://purl.obolibrary.org/obo/fbbt#ITO_LEE_BRAIN_LINEAGE	http://purl.obolibrary.org/obo/fbbt#PRIMARY_VNC_LINEAGE	http://purl.obolibrary.org/obo/fbbt#SECONDARY_VNC_LINEAGE
FBbt:00050146	adult VLPl&p2 lineage clone	FBbt:00100633	neuroblast BLVp1	FBbt:00003004	adult	FBbt:00007683	neuroblast lineage clone	adult VLPl&p2 lineage clone	adult VLPl&p2 lineage clone	adult BLVp1 lineage clone			doi:10.1101/2023.06.27.546055	http://purl.obolibrary.org/obo/fbbt#HARTENSTEIN_BRAIN_LINEAGE	http://purl.obolibrary.org/obo/fbbt#ITO_LEE_BRAIN_LINEAGE	http://purl.obolibrary.org/obo/fbbt#PRIMARY_VNC_LINEAGE	http://purl.obolibrary.org/obo/fbbt#SECONDARY_VNC_LINEAGE
FBbt:00050152	adult SLPal3 lineage clone	FBbt:00100616	neuroblast BLAd3	FBbt:00003004	adult	FBbt:00007683	neuroblast lineage clone	adult SLPal3 lineage clone	adult SLPal3 lineage clone	adult BLAd3 lineage clone			doi:10.1101/2020.06.12.148775	http://purl.obolibrary.org/obo/fbbt#HARTENSTEIN_BRAIN_LINEAGE	http://purl.obolibrary.org/obo/fbbt#ITO_LEE_BRAIN_LINEAGE	http://purl.obolibrary.org/obo/fbbt#PRIMARY_VNC_LINEAGE	http://purl.obolibrary.org/obo/fbbt#SECONDARY_VNC_LINEAGE
FBbt:00050155	adult SLPal4 lineage clone	FBbt:00050154	neuroblast SLPal4	FBbt:00003004	adult	FBbt:00007683	neuroblast lineage clone	adult SLPal4 lineage clone	adult SLPal4 lineage clone					http://purl.obolibrary.org/obo/fbbt#HARTENSTEIN_BRAIN_LINEAGE	http://purl.obolibrary.org/obo/fbbt#ITO_LEE_BRAIN_LINEAGE	http://purl.obolibrary.org/obo/fbbt#PRIMARY_VNC_LINEAGE	http://purl.obolibrary.org/obo/fbbt#SECONDARY_VNC_LINEAGE
FBbt:00050158	adult VLPa1 lineage clone	FBbt:00049159	neuroblast DALl2	FBbt:00003004	adult	FBbt:00007683	neuroblast lineage clone	adult VLPa1 lineage clone	adult VLPa1 lineage clone	adult DALl2 lineage clone			doi:10.1101/2023.06.27.546055	http://purl.obolibrary.org/obo/fbbt#HARTENSTEIN_BRAIN_LINEAGE	http://purl.obolibrary.org/obo/fbbt#ITO_LEE_BRAIN_LINEAGE	http://purl.obolibrary.org/obo/fbbt#PRIMARY_VNC_LINEAGE	http://purl.obolibrary.org/obo/fbbt#SECONDARY_VNC_LINEAGE
FBbt:00050161	adult VPNp&v1 lineage clone	FBbt:00100625	neuroblast BLP1	FBbt:00003004	adult	FBbt:00007683	neuroblast lineage clone	adult VPNp&v1 lineage clone	adult VPNp&v1 lineage clone	adult BLP1 lineage clone			FlyBase:FBrf0246460|doi:10.1101/2023.06.27.546055	http://purl.obolibrary.org/obo/fbbt#HARTENSTEIN_BRAIN_LINEAGE	http://purl.obolibrary.org/obo/fbbt#ITO_LEE_BRAIN_LINEAGE	http://purl.obolibrary.org/obo/fbbt#PRIMARY_VNC_LINEAGE	http://purl.obolibrary.org/obo/fbbt#SECONDARY_VNC_LINEAGE
FBbt:00050164	adult PSp2 lineage clone	FBbt:00100571	neuroblast CM5	FBbt:00003004	adult	FBbt:00007683	neuroblast lineage clone	adult PSp2 lineage clone	adult PSp2 lineage clone	adult CM5 lineage clone			doi:10.1101/2023.06.27.546055	http://purl.obolibrary.org/obo/fbbt#HARTENSTEIN_BRAIN_LINEAGE	http://purl.obolibrary.org/obo/fbbt#ITO_LEE_BRAIN_LINEAGE	http://purl.obolibrary.org/obo/fbbt#PRIMARY_VNC_LINEAGE	http://purl.obolibrary.org/obo/fbbt#SECONDARY_VNC_LINEAGE
FBbt:00050167	adult LALv1 lineage clone	FBbt:00050166	neuroblast BAmv1	FBbt:00003004	adult	FBbt:00007683	neuroblast lineage clone	adult LALv1 lineage clone	adult LALv1 lineage clone	adult BAmv1 lineage clone			doi:10.1101/2023.06.27.546055	http://purl.obolibrary.org/obo/fbbt#HARTENSTEIN_BRAIN_LINEAGE	http://purl.obolibrary.org/obo/fbbt#ITO_LEE_BRAIN_LINEAGE	http://purl.obolibrary.org/obo/fbbt#PRIMARY_VNC_LINEAGE	http://purl.obolibrary.org/obo/fbbt#SECONDARY_VNC_LINEAGE
FBbt:00050170	adult PBp1 lineage clone	FBbt:00050169	neuroblast CM6	FBbt:00003004	adult	FBbt:00007683	neuroblast lineage clone	adult PBp1 lineage clone	adult PBp1 lineage clone	adult CM6 lineage clone			doi:10.1101/2023.06.27.546055	http://purl.obolibrary.org/obo/fbbt#HARTENSTEIN_BRAIN_LINEAGE	http://purl.obolibrary.org/obo/fbbt#ITO_LEE_BRAIN_LINEAGE	http://purl.obolibrary.org/obo/fbbt#PRIMARY_VNC_LINEAGE	http://purl.obolibrary.org/obo/fbbt#SECONDARY_VNC_LINEAGE
FBbt:00050173	adult SMPad3 lineage clone	FBbt:00100540	neuroblast DAMd1	FBbt:00003004	adult	FBbt:00007683	neuroblast lineage clone	adult SMPad3 lineage clone	adult SMPad3 lineage clone	adult DAMd1 lineage clone			doi:10.1101/2023.06.27.546055	http://purl.obolibrary.org/obo/fbbt#HARTENSTEIN_BRAIN_LINEAGE	http://purl.obolibrary.org/obo/fbbt#ITO_LEE_BRAIN_LINEAGE	http://purl.obolibrary.org/obo/fbbt#PRIMARY_VNC_LINEAGE	http://purl.obolibrary.org/obo/fbbt#SECONDARY_VNC_LINEAGE
FBbt:00050176	adult SLPal5 lineage clone	FBbt:00050175	neuroblast BLAd5	FBbt:00003004	adult	FBbt:00007683	neuroblast lineage clone	adult SLPal5 lineage clone	adult SLPal5 lineage clone	adult BLAd5 lineage clone			doi:10.1101/2023.06.27.546055	http://purl.obolibrary.org/obo/fbbt#HARTENSTEIN_BRAIN_LINEAGE	http://purl.obolibrary.org/obo/fbbt#ITO_LEE_BRAIN_LINEAGE	http://purl.obolibrary.org/obo/fbbt#PRIMARY_VNC_LINEAGE	http://purl.obolibrary.org/obo/fbbt#SECONDARY_VNC_LINEAGE
FBbt:00050182	adult AOTUv2 lineage clone	FBbt:00100547	neuroblast DALl1	FBbt:00003004	adult	FBbt:00007683	neuroblast lineage clone	adult AOTUv2 lineage clone	adult AOTUv2 lineage clone	adult DALl1 lineage clone			FlyBase:FBrf0246460|doi:10.1101/2023.06.27.546055	http://purl.obolibrary.org/obo/fbbt#HARTENSTEIN_BRAIN_LINEAGE	http://purl.obolibrary.org/obo/fbbt#ITO_LEE_BRAIN_LINEAGE	http://purl.obolibrary.org/obo/fbbt#PRIMARY_VNC_LINEAGE	http://purl.obolibrary.org/obo/fbbt#SECONDARY_VNC_LINEAGE
FBbt:00050185	adult DL1 lineage clone	FBbt:00100609	neuroblast CP2	FBbt:00003004	adult	FBbt:00007683	neuroblast lineage clone	adult DL1 lineage clone	adult DL1 lineage clone	adult CP2 lineage clone			FlyBase:FBrf0246460|doi:10.1101/2023.06.27.546055|FlyBase:FBrf0223298	http://purl.obolibrary.org/obo/fbbt#HARTENSTEIN_BRAIN_LINEAGE	http://purl.obolibrary.org/obo/fbbt#ITO_LEE_BRAIN_LINEAGE	http://purl.obolibrary.org/obo/fbbt#PRIMARY_VNC_LINEAGE	http://purl.obolibrary.org/obo/fbbt#SECONDARY_VNC_LINEAGE
FBbt:00050188	adult FLAa2 lineage clone	FBbt:00100555	neuroblast BAmas1	FBbt:00003004	adult	FBbt:00007683	neuroblast lineage clone	adult FLAa2 lineage clone	adult FLAa2 lineage clone	adult BAmas1 lineage clone			doi:10.1101/2023.06.27.546055|FlyBase:FBrf0223298	http://purl.obolibrary.org/obo/fbbt#HARTENSTEIN_BRAIN_LINEAGE	http://purl.obolibrary.org/obo/fbbt#ITO_LEE_BRAIN_LINEAGE	http://purl.obolibrary.org/obo/fbbt#PRIMARY_VNC_LINEAGE	http://purl.obolibrary.org/obo/fbbt#SECONDARY_VNC_LINEAGE
FBbt:00050191	adult FLAa1 lineage clone	FBbt:00100560	neuroblast BAla4	FBbt:00003004	adult	FBbt:00007683	neuroblast lineage clone	adult FLAa1 lineage clone	adult FLAa1 lineage clone	adult BAla4 lineage clone			doi:10.1101/2023.06.27.546055	http://purl.obolibrary.org/obo/fbbt#HARTENSTEIN_BRAIN_LINEAGE	http://purl.obolibrary.org/obo/fbbt#ITO_LEE_BRAIN_LINEAGE	http://purl.obolibrary.org/obo/fbbt#PRIMARY_VNC_LINEAGE	http://purl.obolibrary.org/obo/fbbt#SECONDARY_VNC_LINEAGE
FBbt:00050194	adult SMPp&v1 lineage clone	FBbt:00100599	neuroblast DPLc5	FBbt:00003004	adult	FBbt:00007683	neuroblast lineage clone	adult SMPp&v1 lineage clone	adult SMPp&v1 lineage clone	adult DPLc5 lineage clone			doi:10.1101/2023.06.27.546055	http://purl.obolibrary.org/obo/fbbt#HARTENSTEIN_BRAIN_LINEAGE	http://purl.obolibrary.org/obo/fbbt#ITO_LEE_BRAIN_LINEAGE	http://purl.obolibrary.org/obo/fbbt#PRIMARY_VNC_LINEAGE	http://purl.obolibrary.org/obo/fbbt#SECONDARY_VNC_LINEAGE
FBbt:00050196	adult ALv1 lineage clone	FBbt:00067348	neuroblast BAla1	FBbt:00003004	adult	FBbt:00007683	neuroblast lineage clone	adult ALv1 lineage clone	adult ALv1 lineage clone	adult BAla1 lineage clone			FlyBase:FBrf0246460|doi:10.1101/2023.06.27.546055	http://purl.obolibrary.org/obo/fbbt#HARTENSTEIN_BRAIN_LINEAGE	http://purl.obolibrary.org/obo/fbbt#ITO_LEE_BRAIN_LINEAGE	http://purl.obolibrary.org/obo/fbbt#PRIMARY_VNC_LINEAGE	http://purl.obolibrary.org/obo/fbbt#SECONDARY_VNC_LINEAGE
FBbt:00050199	adult VLPp1 lineage clone	FBbt:00100626	neuroblast BLP2	FBbt:00003004	adult	FBbt:00007683	neuroblast lineage clone	adult VLPp1 lineage clone	adult VLPp1 lineage clone	adult BLP2 lineage clone			doi:10.1101/2023.06.27.546055	http://purl.obolibrary.org/obo/fbbt#HARTENSTEIN_BRAIN_LINEAGE	http://purl.obolibrary.org/obo/fbbt#ITO_LEE_BRAIN_LINEAGE	http://purl.obolibrary.org/obo/fbbt#PRIMARY_VNC_LINEAGE	http://purl.obolibrary.org/obo/fbbt#SECONDARY_VNC_LINEAGE
FBbt:00050202	adult SMPad2 lineage clone	FBbt:00050201	neuroblast SMPad2	FBbt:00003004	adult	FBbt:00007683	neuroblast lineage clone	adult SMPad2 lineage clone	adult SMPad2 lineage clone					http://purl.obolibrary.org/obo/fbbt#HARTENSTEIN_BRAIN_LINEAGE	http://purl.obolibrary.org/obo/fbbt#ITO_LEE_BRAIN_LINEAGE	http://purl.obolibrary.org/obo/fbbt#PRIMARY_VNC_LINEAGE	http://purl.obolibrary.org/obo/fbbt#SECONDARY_VNC_LINEAGE
FBbt:00050205	adult CLp1 lineage clone	FBbt:00100598	neuroblast DPLc4	FBbt:00003004	adult	FBbt:00007683	neuroblast lineage clone	adult CLp1 lineage clone	adult CLp1 lineage clone	adult DPLc4 lineage clone			doi:10.1101/2023.06.27.546055	http://purl.obolibrary.org/obo/fbbt#HARTENSTEIN_BRAIN_LINEAGE	http://purl.obolibrary.org/obo/fbbt#ITO_LEE_BRAIN_LINEAGE	http://purl.obolibrary.org/obo/fbbt#PRIMARY_VNC_LINEAGE	http://purl.obolibrary.org/obo/fbbt#SECONDARY_VNC_LINEAGE
FBbt:00050208	adult VLPd&p1 lineage clone	FBbt:00100601	neuroblast DPLl2	FBbt:00003004	adult	FBbt:00007683	neuroblast lineage clone	adult VLPd&p1 lineage clone	adult VLPd&p1 lineage clone	adult DPLl2 lineage clone			FlyBase:FBrf0246460|doi:10.1101/2023.06.27.546055	http://purl.obolibrary.org/obo/fbbt#HARTENSTEIN_BRAIN_LINEAGE	http://purl.obolibrary.org/obo/fbbt#ITO_LEE_BRAIN_LINEAGE	http://purl.obolibrary.org/obo/fbbt#PRIMARY_VNC_LINEAGE	http://purl.obolibrary.org/obo/fbbt#SECONDARY_VNC_LINEAGE
FBbt:00050211	adult VLPp2 lineage clone	FBbt:00100579	neuroblast DPMpl3	FBbt:00003004	adult	FBbt:00007683	neuroblast lineage clone	adult VLPp2 lineage clone	adult VLPp2 lineage clone	adult DPMpl3 lineage clone			doi:10.1101/2023.06.27.546055	http://purl.obolibrary.org/obo/fbbt#HARTENSTEIN_BRAIN_LINEAGE	http://purl.obolibrary.org/obo/fbbt#ITO_LEE_BRAIN_LINEAGE	http://purl.obolibrary.org/obo/fbbt#PRIMARY_VNC_LINEAGE	http://purl.obolibrary.org/obo/fbbt#SECONDARY_VNC_LINEAGE
FBbt:00050214	adult PSp1 lineage clone	FBbt:00050213	neuroblast DPMl2	FBbt:00003004	adult	FBbt:00007683	neuroblast lineage clone	adult PSp1 lineage clone	adult PSp1 lineage clone	adult DPMl2 lineage clone			doi:10.1101/2023.06.27.546055	http://purl.obolibrary.org/obo/fbbt#HARTENSTEIN_BRAIN_LINEAGE	http://purl.obolibrary.org/obo/fbbt#ITO_LEE_BRAIN_LINEAGE	http://purl.obolibrary.org/obo/fbbt#PRIMARY_VNC_LINEAGE	http://purl.obolibrary.org/obo/fbbt#SECONDARY_VNC_LINEAGE
FBbt:00050217	adult SLPpm2 lineage clone	FBbt:00100596	neuroblast DPLc2	FBbt:00003004	adult	FBbt:00007683	neuroblast lineage clone	adult SLPpm2 lineage clone	adult SLPpm2 lineage clone	adult DPLc2 lineage clone			doi:10.1101/2023.06.27.546055	http://purl.obolibrary.org/obo/fbbt#HARTENSTEIN_BRAIN_LINEAGE	http://purl.obolibrary.org/obo/fbbt#ITO_LEE_BRAIN_LINEAGE	http://purl.obolibrary.org/obo/fbbt#PRIMARY_VNC_LINEAGE	http://purl.obolibrary.org/obo/fbbt#SECONDARY_VNC_LINEAGE
FBbt:00050220	adult SLPal1 lineage clone	FBbt:00100591	neuroblast DPLal1	FBbt:00003004	adult	FBbt:00007683	neuroblast lineage clone	adult SLPal1 lineage clone	adult SLPal1 lineage clone	adult DPLal1 lineage clone			FlyBase:FBrf0246460|doi:10.1101/2023.06.27.546055	http://purl.obolibrary.org/obo/fbbt#HARTENSTEIN_BRAIN_LINEAGE	http://purl.obolibrary.org/obo/fbbt#ITO_LEE_BRAIN_LINEAGE	http://purl.obolibrary.org/obo/fbbt#PRIMARY_VNC_LINEAGE	http://purl.obolibrary.org/obo/fbbt#SECONDARY_VNC_LINEAGE
FBbt:00050223	adult AOTUv1 lineage clone	FBbt:00100549	neuroblast DALcm2	FBbt:00003004	adult	FBbt:00007683	neuroblast lineage clone	adult AOTUv1 lineage clone	adult AOTUv1 lineage clone	adult DALcm2 lineage clone			doi:10.1101/2023.06.27.546055	http://purl.obolibrary.org/obo/fbbt#HARTENSTEIN_BRAIN_LINEAGE	http://purl.obolibrary.org/obo/fbbt#ITO_LEE_BRAIN_LINEAGE	http://purl.obolibrary.org/obo/fbbt#PRIMARY_VNC_LINEAGE	http://purl.obolibrary.org/obo/fbbt#SECONDARY_VNC_LINEAGE
FBbt:00050226	adult VLPl2 lineage clone	FBbt:00100613	neuroblast BLAv2	FBbt:00003004	adult	FBbt:00007683	neuroblast lineage clone	adult VLPl2 lineage clone	adult VLPl2 lineage clone	adult BLAv2 lineage clone			FlyBase:FBrf0246460|doi:10.1101/2023.06.27.546055	http://purl.obolibrary.org/obo/fbbt#HARTENSTEIN_BRAIN_LINEAGE	http://purl.obolibrary.org/obo/fbbt#ITO_LEE_BRAIN_LINEAGE	http://purl.obolibrary.org/obo/fbbt#PRIMARY_VNC_LINEAGE	http://purl.obolibrary.org/obo/fbbt#SECONDARY_VNC_LINEAGE
FBbt:00050229	adult SLPpl1 lineage clone	FBbt:00100600	neuroblast DPLl1	FBbt:00003004	adult	FBbt:00007683	neuroblast lineage clone	adult SLPpl1 lineage clone	adult SLPpl1 lineage clone	adult DPLl1 lineage clone			FlyBase:FBrf0246460|doi:10.1101/2023.06.27.546055	http://purl.obolibrary.org/obo/fbbt#HARTENSTEIN_BRAIN_LINEAGE	http://purl.obolibrary.org/obo/fbbt#ITO_LEE_BRAIN_LINEAGE	http://purl.obolibrary.org/obo/fbbt#PRIMARY_VNC_LINEAGE	http://purl.obolibrary.org/obo/fbbt#SECONDARY_VNC_LINEAGE
FBbt:00050232	adult VLPd1 lineage clone	FBbt:00100590	neuroblast DPLam	FBbt:00003004	adult	FBbt:00007683	neuroblast lineage clone	adult VLPd1 lineage clone	adult VLPd1 lineage clone	adult DPLam lineage clone			FlyBase:FBrf0246460|doi:10.1101/2023.06.27.546055	http://purl.obolibrary.org/obo/fbbt#HARTENSTEIN_BRAIN_LINEAGE	http://purl.obolibrary.org/obo/fbbt#ITO_LEE_BRAIN_LINEAGE	http://purl.obolibrary.org/obo/fbbt#PRIMARY_VNC_LINEAGE	http://purl.obolibrary.org/obo/fbbt#SECONDARY_VNC_LINEAGE
FBbt:00050235	adult SLPp&v1 lineage clone	FBbt:00100604	neuroblast DPLp2	FBbt:00003004	adult	FBbt:00007683	neuroblast lineage clone	adult SLPp&v1 lineage clone	adult SLPp&v1 lineage clone	adult DPLp2 lineage clone			FlyBase:FBrf0246460|doi:10.1101/2023.06.27.546055	http://purl.obolibrary.org/obo/fbbt#HARTENSTEIN_BRAIN_LINEAGE	http://purl.obolibrary.org/obo/fbbt#ITO_LEE_BRAIN_LINEAGE	http://purl.obolibrary.org/obo/fbbt#PRIMARY_VNC_LINEAGE	http://purl.obolibrary.org/obo/fbbt#SECONDARY_VNC_LINEAGE
FBbt:00050238	adult SLPav2 lineage clone	FBbt:00100621	neuroblast BLD2	FBbt:00003004	adult	FBbt:00007683	neuroblast lineage clone	adult SLPav2 lineage clone	adult SLPav2 lineage clone	adult BLD2 lineage clone			FlyBase:FBrf0246460|doi:10.1101/2023.06.27.546055	http://purl.obolibrary.org/obo/fbbt#HARTENSTEIN_BRAIN_LINEAGE	http://purl.obolibrary.org/obo/fbbt#ITO_LEE_BRAIN_LINEAGE	http://purl.obolibrary.org/obo/fbbt#PRIMARY_VNC_LINEAGE	http://purl.obolibrary.org/obo/fbbt#SECONDARY_VNC_LINEAGE
FBbt:00050241	adult WEDd1 lineage clone	FBbt:00100550	neuroblast DALd	FBbt:00003004	adult	FBbt:00007683	neuroblast lineage clone	adult WEDd1 lineage clone	adult WEDd1 lineage clone	adult DALd lineage clone			FlyBase:FBrf0246460|doi:10.1101/2023.06.27.546055	http://purl.obolibrary.org/obo/fbbt#HARTENSTEIN_BRAIN_LINEAGE	http://purl.obolibrary.org/obo/fbbt#ITO_LEE_BRAIN_LINEAGE	http://purl.obolibrary.org/obo/fbbt#PRIMARY_VNC_LINEAGE	http://purl.obolibrary.org/obo/fbbt#SECONDARY_VNC_LINEAGE
FBbt:00050250	adult VPNp1 lineage clone	FBbt:00050249	neuroblast BLD5	FBbt:00003004	adult	FBbt:00007683	neuroblast lineage clone	adult VPNp1 lineage clone	adult VPNp1 lineage clone	adult BLD5 lineage clone			FlyBase:FBrf0246460|doi:10.1101/2023.06.27.546055	http://purl.obolibrary.org/obo/fbbt#HARTENSTEIN_BRAIN_LINEAGE	http://purl.obolibrary.org/obo/fbbt#ITO_LEE_BRAIN_LINEAGE	http://purl.obolibrary.org/obo/fbbt#PRIMARY_VNC_LINEAGE	http://purl.obolibrary.org/obo/fbbt#SECONDARY_VNC_LINEAGE
FBbt:00050253	adult DM4 lineage clone	FBbt:00050252	neuroblast CM4	FBbt:00003004	adult	FBbt:00007683	neuroblast lineage clone	adult DM4 lineage clone	adult DM4 lineage clone	adult CM4 lineage clone			doi:10.1101/2023.06.27.546055|FlyBase:FBrf0214495|FlyBase:FBrf0223298	http://purl.obolibrary.org/obo/fbbt#HARTENSTEIN_BRAIN_LINEAGE	http://purl.obolibrary.org/obo/fbbt#ITO_LEE_BRAIN_LINEAGE	http://purl.obolibrary.org/obo/fbbt#PRIMARY_VNC_LINEAGE	http://purl.obolibrary.org/obo/fbbt#SECONDARY_VNC_LINEAGE
FBbt:00050256	adult LHl3 lineage clone	FBbt:00050255	neuroblast BLVa2b	FBbt:00003004	adult	FBbt:00007683	neuroblast lineage clone	adult LHl3 lineage clone	adult LHl3 lineage clone	adult BLVa2b lineage clone			doi:10.1101/2023.06.27.546055	http://purl.obolibrary.org/obo/fbbt#HARTENSTEIN_BRAIN_LINEAGE	http://purl.obolibrary.org/obo/fbbt#ITO_LEE_BRAIN_LINEAGE	http://purl.obolibrary.org/obo/fbbt#PRIMARY_VNC_LINEAGE	http://purl.obolibrary.org/obo/fbbt#SECONDARY_VNC_LINEAGE
FBbt:00050259	adult VLPl4 lineage clone	FBbt:00100622	neuroblast BLD3	FBbt:00003004	adult	FBbt:00007683	neuroblast lineage clone	adult VLPl4 lineage clone	adult VLPl4 lineage clone	adult BLD3 lineage clone			doi:10.1101/2023.06.27.546055	http://purl.obolibrary.org/obo/fbbt#HARTENSTEIN_BRAIN_LINEAGE	http://purl.obolibrary.org/obo/fbbt#ITO_LEE_BRAIN_LINEAGE	http://purl.obolibrary.org/obo/fbbt#PRIMARY_VNC_LINEAGE	http://purl.obolibrary.org/obo/fbbt#SECONDARY_VNC_LINEAGE
FBbt:00050262	adult LHl4 lineage clone	FBbt:00100620	neuroblast BLD1	FBbt:00003004	adult	FBbt:00007683	neuroblast lineage clone	adult LHl4 lineage clone	adult LHl4 lineage clone	adult BLD1 lineage clone			FlyBase:FBrf0246460|doi:10.1101/2023.06.27.546055	http://purl.obolibrary.org/obo/fbbt#HARTENSTEIN_BRAIN_LINEAGE	http://purl.obolibrary.org/obo/fbbt#ITO_LEE_BRAIN_LINEAGE	http://purl.obolibrary.org/obo/fbbt#PRIMARY_VNC_LINEAGE	http://purl.obolibrary.org/obo/fbbt#SECONDARY_VNC_LINEAGE
FBbt:00050265	adult SLPav1 lineage clone	FBbt:00100618	neuroblast BLAl1	FBbt:00003004	adult	FBbt:00007683	neuroblast lineage clone	adult SLPav1 lineage clone	adult SLPav1 lineage clone	adult BLAl1 lineage clone			doi:10.1101/2023.06.27.546055	http://purl.obolibrary.org/obo/fbbt#HARTENSTEIN_BRAIN_LINEAGE	http://purl.obolibrary.org/obo/fbbt#ITO_LEE_BRAIN_LINEAGE	http://purl.obolibrary.org/obo/fbbt#PRIMARY_VNC_LINEAGE	http://purl.obolibrary.org/obo/fbbt#SECONDARY_VNC_LINEAGE
FBbt:00050268	adult SLPal2 lineage clone	FBbt:00100593	neuroblast DPLal3	FBbt:00003004	adult	FBbt:00007683	neuroblast lineage clone	adult SLPal2 lineage clone	adult SLPal2 lineage clone	adult DPLal3 lineage clone			FlyBase:FBrf0246460|doi:10.1101/2023.06.27.546055	http://purl.obolibrary.org/obo/fbbt#HARTENSTEIN_BRAIN_LINEAGE	http://purl.obolibrary.org/obo/fbbt#ITO_LEE_BRAIN_LINEAGE	http://purl.obolibrary.org/obo/fbbt#PRIMARY_VNC_LINEAGE	http://purl.obolibrary.org/obo/fbbt#SECONDARY_VNC_LINEAGE
FBbt:00050271	adult MBp1 lineage clone	FBbt:00050270	neuroblast MBp1	FBbt:00003004	adult	FBbt:00110576	adult MBp lineage clone	adult MBp1 lineage clone	adult MBp1 lineage clone	adult MBp1 lineage clone			doi:10.1101/2023.06.27.546055	http://purl.obolibrary.org/obo/fbbt#HARTENSTEIN_BRAIN_LINEAGE	http://purl.obolibrary.org/obo/fbbt#ITO_LEE_BRAIN_LINEAGE	http://purl.obolibrary.org/obo/fbbt#PRIMARY_VNC_LINEAGE	http://purl.obolibrary.org/obo/fbbt#SECONDARY_VNC_LINEAGE
FBbt:00050274	adult CREa2 lineage clone	FBbt:00100548	neuroblast DALcm1	FBbt:00003004	adult	FBbt:00007683	neuroblast lineage clone	adult CREa2 lineage clone	adult CREa2 lineage clone	adult DALcm1 lineage clone			doi:10.1101/2023.06.27.546055	http://purl.obolibrary.org/obo/fbbt#HARTENSTEIN_BRAIN_LINEAGE	http://purl.obolibrary.org/obo/fbbt#ITO_LEE_BRAIN_LINEAGE	http://purl.obolibrary.org/obo/fbbt#PRIMARY_VNC_LINEAGE	http://purl.obolibrary.org/obo/fbbt#SECONDARY_VNC_LINEAGE
FBbt:00050277	adult SIPa1 lineage clone	FBbt:00100615	neuroblast BLAd2	FBbt:00003004	adult	FBbt:00007683	neuroblast lineage clone	adult SIPa1 lineage clone	adult SIPa1 lineage clone	adult BLAd2 lineage clone			FlyBase:FBrf0246460|doi:10.1101/2023.06.27.546055	http://purl.obolibrary.org/obo/fbbt#HARTENSTEIN_BRAIN_LINEAGE	http://purl.obolibrary.org/obo/fbbt#ITO_LEE_BRAIN_LINEAGE	http://purl.obolibrary.org/obo/fbbt#PRIMARY_VNC_LINEAGE	http://purl.obolibrary.org/obo/fbbt#SECONDARY_VNC_LINEAGE
FBbt:00050280	adult LHa3 lineage clone	FBbt:00100631	neuroblast BLVa2	FBbt:00003004	adult	FBbt:00007683	neuroblast lineage clone	adult LHa3 lineage clone	adult LHa3 lineage clone	adult BLVa2 lineage clone			FlyBase:FBrf0246460|doi:10.1101/2023.06.27.546055	http://purl.obolibrary.org/obo/fbbt#HARTENSTEIN_BRAIN_LINEAGE	http://purl.obolibrary.org/obo/fbbt#ITO_LEE_BRAIN_LINEAGE	http://purl.obolibrary.org/obo/fbbt#PRIMARY_VNC_LINEAGE	http://purl.obolibrary.org/obo/fbbt#SECONDARY_VNC_LINEAGE
FBbt:00110360	adult LHa4 lineage clone	FBbt:00110359	neuroblast LHa4	FBbt:00003004	adult	FBbt:00007683	neuroblast lineage clone	adult LHa4 lineage clone	adult LHa4 lineage clone					http://purl.obolibrary.org/obo/fbbt#HARTENSTEIN_BRAIN_LINEAGE	http://purl.obolibrary.org/obo/fbbt#ITO_LEE_BRAIN_LINEAGE	http://purl.obolibrary.org/obo/fbbt#PRIMARY_VNC_LINEAGE	http://purl.obolibrary.org/obo/fbbt#SECONDARY_VNC_LINEAGE
FBbt:00110369	adult SLPpm4 lineage clone	FBbt:00110368	neuroblast SLPpm4	FBbt:00003004	adult	FBbt:00007683	neuroblast lineage clone	adult SLPpm4 lineage clone	adult SLPpm4 lineage clone					http://purl.obolibrary.org/obo/fbbt#HARTENSTEIN_BRAIN_LINEAGE	http://purl.obolibrary.org/obo/fbbt#ITO_LEE_BRAIN_LINEAGE	http://purl.obolibrary.org/obo/fbbt#PRIMARY_VNC_LINEAGE	http://purl.obolibrary.org/obo/fbbt#SECONDARY_VNC_LINEAGE
FBbt:00110375	adult SMPpd2 lineage clone	FBbt:00110374	neuroblast DPLc6	FBbt:00003004	adult	FBbt:00007683	neuroblast lineage clone	adult SMPpd2 lineage clone	adult SMPpd2 lineage clone	adult DPLc6 lineage clone			doi:10.1101/2023.06.27.546055	http://purl.obolibrary.org/obo/fbbt#HARTENSTEIN_BRAIN_LINEAGE	http://purl.obolibrary.org/obo/fbbt#ITO_LEE_BRAIN_LINEAGE	http://purl.obolibrary.org/obo/fbbt#PRIMARY_VNC_LINEAGE	http://purl.obolibrary.org/obo/fbbt#SECONDARY_VNC_LINEAGE
FBbt:00110384	adult VPNd2 lineage clone	FBbt:00110383	neuroblast VPNd2	FBbt:00003004	adult	FBbt:00007683	neuroblast lineage clone	adult VPNd2 lineage clone	adult VPNd2 lineage clone					http://purl.obolibrary.org/obo/fbbt#HARTENSTEIN_BRAIN_LINEAGE	http://purl.obolibrary.org/obo/fbbt#ITO_LEE_BRAIN_LINEAGE	http://purl.obolibrary.org/obo/fbbt#PRIMARY_VNC_LINEAGE	http://purl.obolibrary.org/obo/fbbt#SECONDARY_VNC_LINEAGE
FBbt:00110387	adult VPNd3 lineage clone	FBbt:00110386	neuroblast VPNd3	FBbt:00003004	adult	FBbt:00007683	neuroblast lineage clone	adult VPNd3 lineage clone	adult VPNd3 lineage clone					http://purl.obolibrary.org/obo/fbbt#HARTENSTEIN_BRAIN_LINEAGE	http://purl.obolibrary.org/obo/fbbt#ITO_LEE_BRAIN_LINEAGE	http://purl.obolibrary.org/obo/fbbt#PRIMARY_VNC_LINEAGE	http://purl.obolibrary.org/obo/fbbt#SECONDARY_VNC_LINEAGE
FBbt:00110390	adult VPNd4 lineage clone	FBbt:00110389	neuroblast VPNd4	FBbt:00003004	adult	FBbt:00007683	neuroblast lineage clone	adult VPNd4 lineage clone	adult VPNd4 lineage clone					http://purl.obolibrary.org/obo/fbbt#HARTENSTEIN_BRAIN_LINEAGE	http://purl.obolibrary.org/obo/fbbt#ITO_LEE_BRAIN_LINEAGE	http://purl.obolibrary.org/obo/fbbt#PRIMARY_VNC_LINEAGE	http://purl.obolibrary.org/obo/fbbt#SECONDARY_VNC_LINEAGE
FBbt:00110393	adult VPNp2 lineage clone	FBbt:00110392	neuroblast VPNp2	FBbt:00003004	adult	FBbt:00007683	neuroblast lineage clone	adult VPNp2 lineage clone	adult VPNp2 lineage clone					http://purl.obolibrary.org/obo/fbbt#HARTENSTEIN_BRAIN_LINEAGE	http://purl.obolibrary.org/obo/fbbt#ITO_LEE_BRAIN_LINEAGE	http://purl.obolibrary.org/obo/fbbt#PRIMARY_VNC_LINEAGE	http://purl.obolibrary.org/obo/fbbt#SECONDARY_VNC_LINEAGE
FBbt:00110396	adult VPNp3 lineage clone	FBbt:00110395	neuroblast VPNp3	FBbt:00003004	adult	FBbt:00007683	neuroblast lineage clone	adult VPNp3 lineage clone	adult VPNp3 lineage clone					http://purl.obolibrary.org/obo/fbbt#HARTENSTEIN_BRAIN_LINEAGE	http://purl.obolibrary.org/obo/fbbt#ITO_LEE_BRAIN_LINEAGE	http://purl.obolibrary.org/obo/fbbt#PRIMARY_VNC_LINEAGE	http://purl.obolibrary.org/obo/fbbt#SECONDARY_VNC_LINEAGE
FBbt:00110399	adult VPNp4 lineage clone	FBbt:00110398	neuroblast VPNp4	FBbt:00003004	adult	FBbt:00007683	neuroblast lineage clone	adult VPNp4 lineage clone	adult VPNp4 lineage clone					http://purl.obolibrary.org/obo/fbbt#HARTENSTEIN_BRAIN_LINEAGE	http://purl.obolibrary.org/obo/fbbt#ITO_LEE_BRAIN_LINEAGE	http://purl.obolibrary.org/obo/fbbt#PRIMARY_VNC_LINEAGE	http://purl.obolibrary.org/obo/fbbt#SECONDARY_VNC_LINEAGE
FBbt:00110402	adult VPNv1 lineage clone	FBbt:00110401	neuroblast VPNv1	FBbt:00003004	adult	FBbt:00007683	neuroblast lineage clone	adult VPNv1 lineage clone	adult VPNv1 lineage clone					http://purl.obolibrary.org/obo/fbbt#HARTENSTEIN_BRAIN_LINEAGE	http://purl.obolibrary.org/obo/fbbt#ITO_LEE_BRAIN_LINEAGE	http://purl.obolibrary.org/obo/fbbt#PRIMARY_VNC_LINEAGE	http://purl.obolibrary.org/obo/fbbt#SECONDARY_VNC_LINEAGE
FBbt:00110405	adult VPNv2 lineage clone	FBbt:00110404	neuroblast VPNv2	FBbt:00003004	adult	FBbt:00007683	neuroblast lineage clone	adult VPNv2 lineage clone	adult VPNv2 lineage clone					http://purl.obolibrary.org/obo/fbbt#HARTENSTEIN_BRAIN_LINEAGE	http://purl.obolibrary.org/obo/fbbt#ITO_LEE_BRAIN_LINEAGE	http://purl.obolibrary.org/obo/fbbt#PRIMARY_VNC_LINEAGE	http://purl.obolibrary.org/obo/fbbt#SECONDARY_VNC_LINEAGE
FBbt:00110408	adult VPNv3 lineage clone	FBbt:00110407	neuroblast VPNv3	FBbt:00003004	adult	FBbt:00007683	neuroblast lineage clone	adult VPNv3 lineage clone	adult VPNv3 lineage clone					http://purl.obolibrary.org/obo/fbbt#HARTENSTEIN_BRAIN_LINEAGE	http://purl.obolibrary.org/obo/fbbt#ITO_LEE_BRAIN_LINEAGE	http://purl.obolibrary.org/obo/fbbt#PRIMARY_VNC_LINEAGE	http://purl.obolibrary.org/obo/fbbt#SECONDARY_VNC_LINEAGE
FBbt:00110412	adult SMPad4 lineage clone	FBbt:00110411	neuroblast SMPad4	FBbt:00003004	adult	FBbt:00007683	neuroblast lineage clone	adult SMPad4 lineage clone	adult SMPad4 lineage clone					http://purl.obolibrary.org/obo/fbbt#HARTENSTEIN_BRAIN_LINEAGE	http://purl.obolibrary.org/obo/fbbt#ITO_LEE_BRAIN_LINEAGE	http://purl.obolibrary.org/obo/fbbt#PRIMARY_VNC_LINEAGE	http://purl.obolibrary.org/obo/fbbt#SECONDARY_VNC_LINEAGE
FBbt:00110559	adult MBp2 lineage clone	FBbt:00110558	neuroblast MBp2	FBbt:00003004	adult	FBbt:00110576	adult MBp lineage clone	adult MBp2 lineage clone	adult MBp2 lineage clone	adult MBp2 lineage clone			doi:10.1101/2023.06.27.546055	http://purl.obolibrary.org/obo/fbbt#HARTENSTEIN_BRAIN_LINEAGE	http://purl.obolibrary.org/obo/fbbt#ITO_LEE_BRAIN_LINEAGE	http://purl.obolibrary.org/obo/fbbt#PRIMARY_VNC_LINEAGE	http://purl.obolibrary.org/obo/fbbt#SECONDARY_VNC_LINEAGE
FBbt:00110562	adult MBp3 lineage clone	FBbt:00110561	neuroblast MBp3	FBbt:00003004	adult	FBbt:00110576	adult MBp lineage clone	adult MBp3 lineage clone	adult MBp3 lineage clone	adult MBp3 lineage clone			doi:10.1101/2023.06.27.546055	http://purl.obolibrary.org/obo/fbbt#HARTENSTEIN_BRAIN_LINEAGE	http://purl.obolibrary.org/obo/fbbt#ITO_LEE_BRAIN_LINEAGE	http://purl.obolibrary.org/obo/fbbt#PRIMARY_VNC_LINEAGE	http://purl.obolibrary.org/obo/fbbt#SECONDARY_VNC_LINEAGE
FBbt:00110565	adult MBp4 lineage clone	FBbt:00110564	neuroblast MBp4	FBbt:00003004	adult	FBbt:00110576	adult MBp lineage clone	adult MBp4 lineage clone	adult MBp4 lineage clone	adult MBp4 lineage clone			doi:10.1101/2023.06.27.546055	http://purl.obolibrary.org/obo/fbbt#HARTENSTEIN_BRAIN_LINEAGE	http://purl.obolibrary.org/obo/fbbt#ITO_LEE_BRAIN_LINEAGE	http://purl.obolibrary.org/obo/fbbt#PRIMARY_VNC_LINEAGE	http://purl.obolibrary.org/obo/fbbt#SECONDARY_VNC_LINEAGE
FBbt:00110576	adult MBp lineage clone	FBbt:00007113	neuroblast MBp	FBbt:00003004	adult	FBbt:00007683	neuroblast lineage clone	adult MBp lineage clone	adult MBp lineage clone	adult MBp lineage clone				http://purl.obolibrary.org/obo/fbbt#HARTENSTEIN_BRAIN_LINEAGE	http://purl.obolibrary.org/obo/fbbt#ITO_LEE_BRAIN_LINEAGE	http://purl.obolibrary.org/obo/fbbt#PRIMARY_VNC_LINEAGE	http://purl.obolibrary.org/obo/fbbt#SECONDARY_VNC_LINEAGE
